quarterbeats	duration_qb	mc	mn	mc_onset	mn_onset	timesig	staff	voice	duration	gracenote	nominal_duration	scalar	tied	tpc	midi	chord_id
0	0.375	1	1	0	0	3/4	1	1	3/32		1/16	3/2		3	69	0
3/8	0.125	1	1	3/32	3/32	3/4	1	1	1/32		1/32	1		-1	65	1
1/2	0.375	1	1	1/8	1/8	3/4	1	1	3/32		1/16	3/2		-2	70	2
7/8	0.125	1	1	7/32	7/32	3/4	1	1	1/32		1/32	1		1	67	3
1	1.0	1	1	1/4	1/4	3/4	2	2	1/4		1/4	1	1	-1	53	10
1	0.75	1	1	1/4	1/4	3/4	2	1	3/16		1/8	3/2		3	57	7
1	0.75	1	1	1/4	1/4	3/4	1	1	3/16		1/8	3/2		0	72	4
7/4	0.25	1	1	7/16	7/16	3/4	2	1	1/16		1/16	1		0	60	8
7/4	0.25	1	1	7/16	7/16	3/4	1	1	1/16		1/16	1		3	69	5
2	0.5	1	1	1/2	1/2	3/4	2	2	1/8		1/8	1	-1	-1	53	11
2	0.5	1	1	1/2	1/2	3/4	2	1	1/8		1/8	1		3	57	9
2	0.5	1	1	1/2	1/2	3/4	1	1	1/8		1/8	1		-1	65	6
3	0.375	2	2	0	0	3/4	1	1	3/32		1/16	3/2		2	74	12
27/8	0.125	2	2	3/32	3/32	3/4	1	1	1/32		1/32	1		-2	70	13
7/2	0.375	2	2	1/8	1/8	3/4	1	1	3/32		1/16	3/2		4	76	14
31/8	0.125	2	2	7/32	7/32	3/4	1	1	1/32		1/32	1		0	72	15
4	1.0	2	2	1/4	1/4	3/4	2	2	1/4		1/4	1	1	3	57	22
4	0.75	2	2	1/4	1/4	3/4	2	1	3/16		1/8	3/2		0	60	19
4	0.75	2	2	1/4	1/4	3/4	1	1	3/16		1/8	3/2		-1	77	16
19/4	0.25	2	2	7/16	7/16	3/4	2	1	1/16		1/16	1		-1	65	20
19/4	0.25	2	2	7/16	7/16	3/4	1	1	1/16		1/16	1		0	72	17
5	0.5	2	2	1/2	1/2	3/4	2	2	1/8		1/8	1	-1	3	57	23
5	0.5	2	2	1/2	1/2	3/4	2	1	1/8		1/8	1		0	60	21
5	0.5	2	2	1/2	1/2	3/4	1	1	1/8		1/8	1		3	69	18
6	0.375	3	3	0	0	3/4	1	1	3/32		1/16	3/2		-1	77	24
51/8	0.125	3	3	3/32	3/32	3/4	1	1	1/32		1/32	1		0	72	25
13/2	0.375	3	3	1/8	1/8	3/4	1	1	3/32		1/16	3/2		1	79	26
55/8	0.125	3	3	7/32	7/32	3/4	1	1	1/32		1/32	1		4	76	27
7	0.375	3	3	1/4	1/4	3/4	1	1	3/32		1/16	3/2		3	81	28
59/8	0.125	3	3	11/32	11/32	3/4	1	1	1/32		1/32	1		1	79	29
15/2	0.375	3	3	3/8	3/8	3/4	1	1	3/32		1/16	3/2		-1	77	30
63/8	0.125	3	3	15/32	15/32	3/4	1	1	1/32		1/32	1		4	76	31
8	0.375	3	3	1/2	1/2	3/4	1	1	3/32		1/16	3/2		-1	77	32
67/8	0.125	3	3	19/32	19/32	3/4	1	1	1/32		1/32	1		0	72	33
17/2	0.5	3	3	5/8	5/8	3/4	2	1	1/8		1/8	1		-1	53	36
17/2	0.5	3	3	5/8	5/8	3/4	2	1	1/8		1/8	1		3	57	36
17/2	0.375	3	3	5/8	5/8	3/4	1	1	3/32		1/16	3/2		2	74	34
71/8	0.125	3	3	23/32	23/32	3/4	1	1	1/32		1/32	1		3	69	35
9	0.5	4	4	0	0	3/4	2	1	1/8		1/8	1		1	55	44
9	0.5	4	4	0	0	3/4	1	1	1/8		1/8	1		2	62	37
9	0.5	4	4	0	0	3/4	1	1	1/8		1/8	1		0	72	37
19/2	0.5	4	4	1/8	1/8	3/4	2	1	1/8		1/8	1		0	48	45
19/2	0.5	4	4	1/8	1/8	3/4	1	1	1/8		1/8	1		4	64	38
19/2	0.5	4	4	1/8	1/8	3/4	1	1	1/8		1/8	1		-2	70	38
10	0.5	4	4	1/4	1/4	3/4	2	1	1/8		1/8	1		-1	53	46
10	0.5	4	4	1/4	1/4	3/4	1	1	1/8		1/8	1		-1	65	39
10	0.5	4	4	1/4	1/4	3/4	1	1	1/8		1/8	1		3	69	39
11	0.25	4	4	1/2	1/2	3/4	1	1	1/16		1/16	1		3	69	40
45/4	0.25	4	4	9/16	9/16	3/4	1	1	1/16		1/16	1		-2	70	41
23/2	0.25	4	4	5/8	5/8	3/4	1	1	1/16		1/16	1		5	71	42
47/4	0.25	4	4	11/16	11/16	3/4	1	1	1/16		1/16	1		0	72	43
12	1.5	5	5	0	0	3/4	2	2	3/8		1/4	3/2		0	48	59
12	1.0	5	5	0	0	3/4	2	1	1/4		1/4	1		3	57	56
12	0.75	5	5	0	0	3/4	1	1	3/16		1/8	3/2		-1	65	47
51/4	0.125	5	5	3/16	3/16	3/4	1	1	1/32		1/32	1		1	67	48
103/8	0.125	5	5	7/32	7/32	3/4	1	1	1/32		1/32	1		-1	65	49
13	0.5	5	5	1/4	1/4	3/4	2	1	1/8		1/8	1		1	55	57
13	0.5	5	5	1/4	1/4	3/4	1	1	1/8		1/8	1		4	64	50
27/2	0.5	5	5	3/8	3/8	3/4	2	2	1/8		1/8	1		-2	58	60
55/4	0.25	5	5	7/16	7/16	3/4	1	1	1/16		1/16	1		4	76	51
14	0.5	5	5	1/2	1/2	3/4	2	2	1/8		1/8	1		3	57	61
14	0.25	5	5	1/2	1/2	3/4	1	1	1/16		1/16	1		1	79	52
57/4	0.25	5	5	9/16	9/16	3/4	1	1	1/16		1/16	1		-1	77	53
29/2	0.5	5	5	5/8	5/8	3/4	2	2	1/8		1/8	1		-1	53	62
29/2	0.5	5	5	5/8	5/8	3/4	2	1	1/8		1/8	1		3	57	58
29/2	0.25	5	5	5/8	5/8	3/4	1	1	1/16		1/16	1		4	76	54
59/4	0.25	5	5	11/16	11/16	3/4	1	1	1/16		1/16	1		2	74	55
15	1.5	6	6	0	0	3/4	2	2	3/8		1/4	3/2		1	55	75
15	1.5	6	6	0	0	3/4	2	1	3/8		1/4	3/2		2	62	72
15	0.75	6	6	0	0	3/4	1	1	3/16		1/8	3/2		0	72	63
63/4	0.125	6	6	3/16	3/16	3/4	1	1	1/32		1/32	1		2	74	64
127/8	0.125	6	6	7/32	7/32	3/4	1	1	1/32		1/32	1		0	72	65
16	0.5	6	6	1/4	1/4	3/4	1	1	1/8		1/8	1		5	71	66
33/2	0.5	6	6	3/8	3/8	3/4	2	2	1/8		1/8	1		-1	53	76
33/2	0.5	6	6	3/8	3/8	3/4	2	1	1/8		1/8	1		-5	61	73
67/4	0.25	6	6	7/16	7/16	3/4	1	1	1/16		1/16	1		-2	70	67
17	0.5	6	6	1/2	1/2	3/4	2	2	1/8		1/8	1		4	52	77
17	1.0	6	6	1/2	1/2	3/4	2	1	1/4		1/4	1	1	0	60	74
17	0.25	6	6	1/2	1/2	3/4	1	1	1/16		1/16	1		-2	82	68
69/4	0.25	6	6	9/16	9/16	3/4	1	1	1/16		1/16	1		1	79	69
35/2	0.5	6	6	5/8	5/8	3/4	2	2	1/8		1/8	1		-2	58	78
35/2	0.25	6	6	5/8	5/8	3/4	1	1	1/16		1/16	1		-1	77	70
71/4	0.25	6	6	11/16	11/16	3/4	1	1	1/16		1/16	1		4	76	71
18	1.0	7	7	0	0	3/4	2	2	1/4		1/4	1		3	57	96
18	1.0	7	7	0	0	3/4	2	1	1/4		1/4	1	-1	0	60	95
18	0.125	7	7	0	0	3/4	1	1	1/32		1/32	1		-1	77	79
145/8	0.125	7	7	1/32	1/32	3/4	1	1	1/32		1/32	1		1	79	80
73/4	0.125	7	7	1/16	1/16	3/4	1	1	1/32		1/32	1		-1	77	81
147/8	0.125	7	7	3/32	3/32	3/4	1	1	1/32		1/32	1		1	79	82
37/2	0.125	7	7	1/8	1/8	3/4	1	1	1/32		1/32	1		3	81	83
149/8	0.125	7	7	5/32	5/32	3/4	1	1	1/32		1/32	1		-2	82	84
75/4	0.125	7	7	3/16	3/16	3/4	1	1	1/32		1/32	1		3	81	85
151/8	0.125	7	7	7/32	7/32	3/4	1	1	1/32		1/32	1		-2	82	86
19	0.5	7	7	1/4	1/4	3/4	1	1	1/8		1/8	1		0	84	87
39/2	0.5	7	7	3/8	3/8	3/4	2	2	1/8		1/8	1		3	45	97
79/4	0.25	7	7	7/16	7/16	3/4	1	1	1/16		1/16	1		-1	65	88
79/4	0.25	7	7	7/16	7/16	3/4	1	1	1/16		1/16	1		0	72	88
20	0.0	7	7	1/2	1/2	3/4	1	1	0	grace16	1/16	1		4	76	89
20	0.5	7	7	1/2	1/2	3/4	2	2	1/8		1/8	1		-2	46	98
20	0.5	7	7	1/2	1/2	3/4	1	2	1/8		1/8	1		-1	65	93
20	0.5	7	7	1/2	1/2	3/4	1	1	1/8		1/8	1		2	74	90
41/2	0.0	7	7	5/8	5/8	3/4	1	1	0	grace16	1/16	1		0	72	91
41/2	0.5	7	7	5/8	5/8	3/4	2	2	1/8		1/8	1		2	50	99
41/2	0.5	7	7	5/8	5/8	3/4	1	2	1/8		1/8	1		-1	65	94
41/2	0.5	7	7	5/8	5/8	3/4	1	1	1/8		1/8	1		-2	70	92
21	1.5	8	8	0	0	3/4	2	1	3/8		1/4	3/2		0	48	106
21	1.0	8	8	0	0	3/4	1	2	1/4		1/4	1		-1	65	104
21	0.75	8	8	0	0	3/4	1	1	3/16		1/8	3/2		3	69	100
87/4	0.125	8	8	3/16	3/16	3/4	1	1	1/32		1/32	1		-2	70	101
175/8	0.125	8	8	7/32	7/32	3/4	1	1	1/32		1/32	1		3	69	102
22	1.0	8	8	1/4	1/4	3/4	1	2	1/4		1/4	1		4	64	105
22	1.0	8	8	1/4	1/4	3/4	1	1	1/4		1/4	1		1	67	103
45/2	0.5	8	8	3/8	3/8	3/4	2	1	1/8		1/8	1		-2	46	107
23	0.5	8	8	1/2	1/2	3/4	2	1	1/8		1/8	1		3	45	108
47/2	0.5	8	8	5/8	5/8	3/4	2	1	1/8		1/8	1		1	43	109
24	0.5	9	9	0	0	3/4	2	2	1/8		1/8	1		-1	41	120
24	0.375	9	9	0	0	3/4	1	1	3/32		1/16	3/2		3	69	110
195/8	0.125	9	9	3/32	3/32	3/4	1	1	1/32		1/32	1		-1	65	111
49/2	0.375	9	9	1/8	1/8	3/4	1	1	3/32		1/16	3/2		-2	70	112
199/8	0.125	9	9	7/32	7/32	3/4	1	1	1/32		1/32	1		1	67	113
25	1.0	9	9	1/4	1/4	3/4	2	2	1/4		1/4	1	1	-1	53	121
25	0.75	9	9	1/4	1/4	3/4	2	1	3/16		1/8	3/2		3	57	117
25	0.75	9	9	1/4	1/4	3/4	1	1	3/16		1/8	3/2		0	72	114
103/4	0.25	9	9	7/16	7/16	3/4	2	1	1/16		1/16	1		0	60	118
103/4	0.25	9	9	7/16	7/16	3/4	1	1	1/16		1/16	1		3	69	115
26	0.5	9	9	1/2	1/2	3/4	2	2	1/8		1/8	1	-1	-1	53	122
26	0.5	9	9	1/2	1/2	3/4	2	1	1/8		1/8	1		3	57	119
26	0.5	9	9	1/2	1/2	3/4	1	1	1/8		1/8	1		-1	65	116
27	0.375	10	10	0	0	3/4	1	1	3/32		1/16	3/2		2	74	123
219/8	0.125	10	10	3/32	3/32	3/4	1	1	1/32		1/32	1		-2	70	124
55/2	0.375	10	10	1/8	1/8	3/4	1	1	3/32		1/16	3/2		4	76	125
223/8	0.125	10	10	7/32	7/32	3/4	1	1	1/32		1/32	1		0	72	126
28	1.0	10	10	1/4	1/4	3/4	2	2	1/4		1/4	1	1	3	57	133
28	0.75	10	10	1/4	1/4	3/4	2	1	3/16		1/8	3/2		0	60	130
28	0.75	10	10	1/4	1/4	3/4	1	1	3/16		1/8	3/2		-1	77	127
115/4	0.25	10	10	7/16	7/16	3/4	2	1	1/16		1/16	1		-1	65	131
115/4	0.25	10	10	7/16	7/16	3/4	1	1	1/16		1/16	1		0	72	128
29	0.5	10	10	1/2	1/2	3/4	2	2	1/8		1/8	1	-1	3	57	134
29	0.5	10	10	1/2	1/2	3/4	2	1	1/8		1/8	1		0	60	132
29	0.5	10	10	1/2	1/2	3/4	1	1	1/8		1/8	1		3	69	129
30	0.375	11	11	0	0	3/4	1	1	3/32		1/16	3/2		0	84	135
243/8	0.125	11	11	3/32	3/32	3/4	1	1	1/32		1/32	1		3	81	136
61/2	0.375	11	11	1/8	1/8	3/4	1	1	3/32		1/16	3/2		-2	82	137
247/8	0.125	11	11	7/32	7/32	3/4	1	1	1/32		1/32	1		1	79	138
31	0.375	11	11	1/4	1/4	3/4	2	1	3/32		1/16	3/2		0	72	147
31	0.375	11	11	1/4	1/4	3/4	1	1	3/32		1/16	3/2		3	81	139
251/8	0.125	11	11	11/32	11/32	3/4	2	1	1/32		1/32	1		3	69	148
251/8	0.125	11	11	11/32	11/32	3/4	1	1	1/32		1/32	1		-1	77	140
63/2	0.375	11	11	3/8	3/8	3/4	2	1	3/32		1/16	3/2		-2	70	149
63/2	0.375	11	11	3/8	3/8	3/4	1	1	3/32		1/16	3/2		1	79	141
255/8	0.125	11	11	15/32	15/32	3/4	2	1	1/32		1/32	1		1	67	150
255/8	0.125	11	11	15/32	15/32	3/4	1	1	1/32		1/32	1		4	76	142
32	0.5	11	11	1/2	1/2	3/4	2	1	1/8		1/8	1		3	69	151
32	0.375	11	11	1/2	1/2	3/4	1	1	3/32		1/16	3/2		-1	77	143
259/8	0.125	11	11	19/32	19/32	3/4	1	1	1/32		1/32	1		0	72	144
65/2	0.5	11	11	5/8	5/8	3/4	2	1	1/8		1/8	1		6	66	152
65/2	0.375	11	11	5/8	5/8	3/4	1	1	3/32		1/16	3/2		2	74	145
263/8	0.125	11	11	23/32	23/32	3/4	1	1	1/32		1/32	1		3	69	146
33	0.5	12	12	0	0	3/4	2	1	1/8		1/8	1		1	67	160
33	0.5	12	12	0	0	3/4	1	1	1/8		1/8	1		0	72	153
67/2	0.5	12	12	1/8	1/8	3/4	2	1	1/8		1/8	1		4	64	161
67/2	0.5	12	12	1/8	1/8	3/4	1	1	1/8		1/8	1		-2	70	154
34	0.5	12	12	1/4	1/4	3/4	2	1	1/8		1/8	1		-1	65	162
34	0.5	12	12	1/4	1/4	3/4	1	1	1/8		1/8	1		3	69	155
35	0.25	12	12	1/2	1/2	3/4	1	1	1/16		1/16	1		3	69	156
141/4	0.25	12	12	9/16	9/16	3/4	1	1	1/16		1/16	1		-2	70	157
71/2	0.25	12	12	5/8	5/8	3/4	1	1	1/16		1/16	1		5	71	158
143/4	0.25	12	12	11/16	11/16	3/4	1	1	1/16		1/16	1		0	72	159
36	1.0	13	13	0	0	3/4	2	1	1/4		1/4	1		0	48	172
36	1.0	13	13	0	0	3/4	2	1	1/4		1/4	1		3	57	172
36	0.75	13	13	0	0	3/4	1	1	3/16		1/8	3/2		-1	65	163
147/4	0.125	13	13	3/16	3/16	3/4	1	1	1/32		1/32	1		1	67	164
295/8	0.125	13	13	7/32	7/32	3/4	1	1	1/32		1/32	1		-1	65	165
37	0.5	13	13	1/4	1/4	3/4	2	1	1/8		1/8	1		0	48	173
37	0.5	13	13	1/4	1/4	3/4	2	1	1/8		1/8	1		-2	58	173
37	0.5	13	13	1/4	1/4	3/4	1	1	1/8		1/8	1		4	64	166
151/4	0.25	13	13	7/16	7/16	3/4	1	1	1/16		1/16	1		4	76	167
38	0.25	13	13	1/2	1/2	3/4	1	1	1/16		1/16	1		1	79	168
153/4	0.25	13	13	9/16	9/16	3/4	1	1	1/16		1/16	1		-1	77	169
77/2	0.25	13	13	5/8	5/8	3/4	1	1	1/16		1/16	1		4	76	170
155/4	0.25	13	13	11/16	11/16	3/4	1	1	1/16		1/16	1		2	74	171
39	0.5	14	14	0	0	3/4	2	1	1/8		1/8	1		1	55	184
39	0.5	14	14	0	0	3/4	2	1	1/8		1/8	1		2	62	184
39	0.25	14	14	0	0	3/4	1	1	1/16		1/16	1		0	72	174
157/4	0.25	14	14	1/16	1/16	3/4	1	1	1/16		1/16	1		5	71	175
79/2	0.5	14	14	1/8	1/8	3/4	2	1	1/8		1/8	1		4	52	185
79/2	0.5	14	14	1/8	1/8	3/4	2	1	1/8		1/8	1		0	60	185
79/2	0.5	14	14	1/8	1/8	3/4	1	1	1/8		1/8	1		-2	70	176
163/4	0.25	14	14	7/16	7/16	3/4	2	1	1/16		1/16	1		4	40	186
163/4	0.25	14	14	7/16	7/16	3/4	1	1	1/16		1/16	1		1	67	177
41	0.75	14	14	1/2	1/2	3/4	2	1	3/16		1/8	3/2		-1	41	187
41	0.75	14	14	1/2	1/2	3/4	1	1	3/16		1/8	3/2		0	60	178
41	0.75	14	14	1/2	1/2	3/4	1	1	3/16		1/8	3/2		3	69	178
167/4	0.0	14	14	11/16	11/16	3/4	1	1	0	grace32	1/32	1		-2	70	179
167/4	0.0	14	14	11/16	11/16	3/4	1	1	0	grace32	1/32	1		3	69	180
167/4	0.0	14	14	11/16	11/16	3/4	1	1	0	grace32	1/32	1		1	67	181
167/4	0.0	14	14	11/16	11/16	3/4	1	1	0	grace32	1/32	1		3	69	182
167/4	0.25	14	14	11/16	11/16	3/4	2	1	1/16		1/16	1		1	43	188
167/4	0.25	14	14	11/16	11/16	3/4	1	1	1/16		1/16	1		-2	70	183
42	0.75	15	15	0	0	3/4	2	1	3/16		1/8	3/2		3	45	201
42	0.75	15	15	0	0	3/4	1	1	3/16		1/8	3/2		-1	65	189
42	0.75	15	15	0	0	3/4	1	1	3/16		1/8	3/2		0	72	189
171/4	0.0	15	15	3/16	3/16	3/4	1	1	0	grace16	1/16	1		2	74	190
171/4	0.0	15	15	3/16	3/16	3/4	1	1	0	grace16	1/16	1		0	72	191
171/4	0.0	15	15	3/16	3/16	3/4	1	1	0	grace16	1/16	1		5	71	192
171/4	0.0	15	15	3/16	3/16	3/4	1	1	0	grace16	1/16	1		0	72	193
171/4	0.25	15	15	3/16	3/16	3/4	2	1	1/16		1/16	1		-2	46	202
171/4	0.25	15	15	3/16	3/16	3/4	1	1	1/16		1/16	1		2	74	194
43	0.5	15	15	1/4	1/4	3/4	2	1	1/8		1/8	1		0	48	203
43	0.5	15	15	1/4	1/4	3/4	1	1	1/8		1/8	1		3	57	195
43	0.5	15	15	1/4	1/4	3/4	1	1	1/8		1/8	1		-1	65	195
44	0.0	15	15	1/2	1/2	3/4	1	1	0	grace16	1/16	1		3	69	196
44	1.0	15	15	1/2	1/2	3/4	2	1	1/4		1/4	1		0	36	204
44	0.5	15	15	1/2	1/2	3/4	1	1	1/8		1/8	1		-2	58	197
44	1.0	15	15	1/2	1/2	3/4	1	2	1/4		1/4	1		-2	58	200
44	0.5	15	15	1/2	1/2	3/4	1	1	1/8		1/8	1		1	67	197
89/2	0.25	15	15	5/8	5/8	3/4	1	1	1/16		1/16	1		-1	65	198
179/4	0.25	15	15	11/16	11/16	3/4	1	1	1/16		1/16	1		1	67	199
45	1.5	16	16	0	0	3/4	2	1	3/8		1/4	3/2		-1	41	210
45	1.0	16	16	0	0	3/4	1	1	1/4		1/4	1		-2	58	205
45	1.0	16	16	0	0	3/4	1	1	1/4		1/4	1		1	67	205
46	0.5	16	16	1/4	1/4	3/4	1	1	1/8		1/8	1		3	57	206
46	0.5	16	16	1/4	1/4	3/4	1	1	1/8		1/8	1		-1	65	206
93/2	0.5	16	16	3/8	3/8	3/4	2	1	1/8		1/8	1		0	48	211
93/2	0.5	16	16	3/8	3/8	3/4	1	1	1/8		1/8	1		0	60	207
47	0.5	16	16	1/2	1/2	3/4	2	1	1/8		1/8	1		3	45	212
47	0.5	16	16	1/2	1/2	3/4	1	1	1/8		1/8	1		3	57	208
95/2	0.5	16	16	5/8	5/8	3/4	2	1	1/8		1/8	1		0	48	213
95/2	0.5	16	16	5/8	5/8	3/4	1	1	1/8		1/8	1		0	60	209
48	0.0	17	17	0	0	3/4	1	1	0	grace16	1/16	1		-1	65	214
48	0.5	17	17	0	0	3/4	2	2	1/8		1/8	1		-1	41	227
48	0.375	17	17	0	0	3/4	1	1	3/32		1/16	3/2		3	69	215
387/8	0.125	17	17	3/32	3/32	3/4	1	1	1/32		1/32	1		-1	65	216
97/2	0.0	17	17	1/8	1/8	3/4	1	1	0	grace16	1/16	1		1	67	217
97/2	0.375	17	17	1/8	1/8	3/4	1	1	3/32		1/16	3/2		-2	70	218
391/8	0.125	17	17	7/32	7/32	3/4	1	1	1/32		1/32	1		1	67	219
49	0.0	17	17	1/4	1/4	3/4	1	1	0	grace16	1/16	1		3	69	220
49	0.0	17	17	1/4	1/4	3/4	2	2	0	grace16	1/16	1	1	-1	53	228
49	1.0	17	17	1/4	1/4	3/4	2	2	1/4		1/4	1	0	-1	53	229
49	0.75	17	17	1/4	1/4	3/4	2	1	3/16		1/8	3/2		3	57	224
49	0.75	17	17	1/4	1/4	3/4	1	1	3/16		1/8	3/2		0	72	221
199/4	0.25	17	17	7/16	7/16	3/4	2	1	1/16		1/16	1		0	60	225
199/4	0.25	17	17	7/16	7/16	3/4	1	1	1/16		1/16	1		3	69	222
50	0.5	17	17	1/2	1/2	3/4	2	2	1/8		1/8	1	-1	-1	53	230
50	0.5	17	17	1/2	1/2	3/4	2	1	1/8		1/8	1		3	57	226
50	0.5	17	17	1/2	1/2	3/4	1	1	1/8		1/8	1		-1	65	223
51	0.0	18	18	0	0	3/4	1	1	0	grace16	1/16	1		-2	70	231
51	0.375	18	18	0	0	3/4	1	1	3/32		1/16	3/2		2	74	232
411/8	0.125	18	18	3/32	3/32	3/4	1	1	1/32		1/32	1		-2	70	233
103/2	0.0	18	18	1/8	1/8	3/4	1	1	0	grace16	1/16	1		0	72	234
103/2	0.375	18	18	1/8	1/8	3/4	1	1	3/32		1/16	3/2		4	76	235
415/8	0.125	18	18	7/32	7/32	3/4	1	1	1/32		1/32	1		0	72	236
52	0.0	18	18	1/4	1/4	3/4	1	1	0	grace16	1/16	1		0	72	237
52	0.0	18	18	1/4	1/4	3/4	2	2	0	grace16	1/16	1	1	3	57	244
52	1.0	18	18	1/4	1/4	3/4	2	2	1/4		1/4	1	0	3	57	245
52	0.75	18	18	1/4	1/4	3/4	2	1	3/16		1/8	3/2		0	60	241
52	0.75	18	18	1/4	1/4	3/4	1	1	3/16		1/8	3/2		-1	77	238
211/4	0.25	18	18	7/16	7/16	3/4	2	1	1/16		1/16	1		-1	65	242
211/4	0.25	18	18	7/16	7/16	3/4	1	1	1/16		1/16	1		0	72	239
53	0.5	18	18	1/2	1/2	3/4	2	2	1/8		1/8	1	-1	3	57	246
53	0.5	18	18	1/2	1/2	3/4	2	1	1/8		1/8	1		0	60	243
53	0.5	18	18	1/2	1/2	3/4	1	1	1/8		1/8	1		3	69	240
54	0.0	19	19	0	0	3/4	1	1	0	grace16	1/16	1		0	72	247
54	0.375	19	19	0	0	3/4	1	1	3/32		1/16	3/2		-1	77	248
435/8	0.125	19	19	3/32	3/32	3/4	1	1	1/32		1/32	1		0	72	249
109/2	0.0	19	19	1/8	1/8	3/4	1	1	0	grace16	1/16	1		0	72	250
109/2	0.375	19	19	1/8	1/8	3/4	1	1	3/32		1/16	3/2		1	79	251
439/8	0.125	19	19	7/32	7/32	3/4	1	1	1/32		1/32	1		4	76	252
55	0.0	19	19	1/4	1/4	3/4	1	1	0	grace16	1/16	1		4	76	253
55	0.375	19	19	1/4	1/4	3/4	1	1	3/32		1/16	3/2		3	81	254
443/8	0.125	19	19	11/32	11/32	3/4	1	1	1/32		1/32	1		1	79	255
111/2	0.0	19	19	3/8	3/8	3/4	1	1	0	grace32	1/32	1		1	79	256
111/2	0.375	19	19	3/8	3/8	3/4	1	1	3/32		1/16	3/2		-1	77	257
447/8	0.125	19	19	15/32	15/32	3/4	1	1	1/32		1/32	1		4	76	258
56	0.0	19	19	1/2	1/2	3/4	1	1	0	grace32	1/32	1		4	76	259
56	0.375	19	19	1/2	1/2	3/4	1	1	3/32		1/16	3/2		2	74	260
451/8	0.125	19	19	19/32	19/32	3/4	1	1	1/32		1/32	1		0	72	261
113/2	0.0	19	19	5/8	5/8	3/4	1	1	0	grace32	1/32	1		0	72	262
113/2	0.5	19	19	5/8	5/8	3/4	2	1	1/8		1/8	1		-1	53	265
113/2	0.5	19	19	5/8	5/8	3/4	2	2	1/8		1/8	1		0	60	266
113/2	0.375	19	19	5/8	5/8	3/4	1	1	3/32		1/16	3/2		-2	70	263
455/8	0.125	19	19	23/32	23/32	3/4	1	1	1/32		1/32	1		3	69	264
57	0.5	20	20	0	0	3/4	2	2	1/8		1/8	1		1	55	282
57	1.0	20	20	0	0	3/4	2	1	1/4		1/4	1	1	0	60	280
57	0.25	20	20	0	0	3/4	1	1	1/16		1/16	1		0	72	267
229/4	0.25	20	20	1/16	1/16	3/4	1	1	1/16		1/16	1		5	71	268
115/2	0.5	20	20	1/8	1/8	3/4	2	2	1/8		1/8	1		4	52	283
115/2	0.25	20	20	1/8	1/8	3/4	1	1	1/16		1/16	1		0	72	269
231/4	0.25	20	20	3/16	3/16	3/4	1	1	1/16		1/16	1		-2	70	270
58	0.5	20	20	1/4	1/4	3/4	2	2	1/8		1/8	1		-1	53	284
58	0.5	20	20	1/4	1/4	3/4	2	1	1/8		1/8	1	-1	0	60	281
58	0.5	20	20	1/4	1/4	3/4	1	1	1/8		1/8	1		3	69	271
59	0.125	20	20	1/2	1/2	3/4	1	1	1/32		1/32	1		3	69	272
473/8	0.125	20	20	17/32	17/32	3/4	1	1	1/32		1/32	1		-2	70	273
237/4	0.125	20	20	9/16	9/16	3/4	1	1	1/32		1/32	1		3	69	274
475/8	0.125	20	20	19/32	19/32	3/4	1	1	1/32		1/32	1		-2	70	275
119/2	0.125	20	20	5/8	5/8	3/4	1	1	1/32		1/32	1		5	71	276
477/8	0.125	20	20	21/32	21/32	3/4	1	1	1/32		1/32	1		0	72	277
239/4	0.125	20	20	11/16	11/16	3/4	1	1	1/32		1/32	1		5	71	278
479/8	0.125	20	20	23/32	23/32	3/4	1	1	1/32		1/32	1		0	72	279
60	1.0	21	21	0	0	3/4	2	2	1/4		1/4	1	1	0	48	302
60	1.0	21	21	0	0	3/4	2	1	1/4		1/4	1		-1	53	298
60	1.0	21	21	0	0	3/4	2	1	1/4		1/4	1		3	57	298
60	0.75	21	21	0	0	3/4	1	1	3/16		1/8	3/2		-1	65	285
243/4	0.125	21	21	3/16	3/16	3/4	1	1	1/32		1/32	1		1	67	286
487/8	0.125	21	21	7/32	7/32	3/4	1	1	1/32		1/32	1		-1	65	287
61	0.5	21	21	1/4	1/4	3/4	2	2	1/8		1/8	1	-1	0	48	303
61	0.5	21	21	1/4	1/4	3/4	2	1	1/8		1/8	1		1	55	299
61	0.5	21	21	1/4	1/4	3/4	2	1	1/8		1/8	1		-2	58	299
61	0.5	21	21	1/4	1/4	3/4	1	1	1/8		1/8	1		4	64	288
123/2	0.5	21	21	3/8	3/8	3/4	2	2	1/8		1/8	1		-2	58	304
123/2	1.0	21	21	3/8	3/8	3/4	2	1	1/4		1/4	1		0	60	300
247/4	0.25	21	21	7/16	7/16	3/4	1	1	1/16		1/16	1		4	76	289
62	0.5	21	21	1/2	1/2	3/4	2	2	1/8		1/8	1		3	57	305
62	0.125	21	21	1/2	1/2	3/4	1	1	1/32		1/32	1		1	79	290
497/8	0.125	21	21	17/32	17/32	3/4	1	1	1/32		1/32	1		-1	77	291
249/4	0.125	21	21	9/16	9/16	3/4	1	1	1/32		1/32	1		4	76	292
499/8	0.125	21	21	19/32	19/32	3/4	1	1	1/32		1/32	1		-1	77	293
125/2	0.5	21	21	5/8	5/8	3/4	2	2	1/8		1/8	1		-1	53	306
125/2	0.5	21	21	5/8	5/8	3/4	2	1	1/8		1/8	1		3	57	301
125/2	0.125	21	21	5/8	5/8	3/4	1	1	1/32		1/32	1		1	79	294
501/8	0.125	21	21	21/32	21/32	3/4	1	1	1/32		1/32	1		-1	77	295
251/4	0.125	21	21	11/16	11/16	3/4	1	1	1/32		1/32	1		4	76	296
503/8	0.125	21	21	23/32	23/32	3/4	1	1	1/32		1/32	1		2	74	297
63	1.5	22	22	0	0	3/4	2	1	3/8		1/4	3/2		1	55	320
63	1.5	22	22	0	0	3/4	2	1	3/8		1/4	3/2		2	62	320
63	0.75	22	22	0	0	3/4	1	1	3/16		1/8	3/2		0	72	307
255/4	0.125	22	22	3/16	3/16	3/4	1	1	1/32		1/32	1		2	74	308
511/8	0.125	22	22	7/32	7/32	3/4	1	1	1/32		1/32	1		0	72	309
64	0.5	22	22	1/4	1/4	3/4	1	1	1/8		1/8	1		5	71	310
129/2	0.5	22	22	3/8	3/8	3/4	2	1	1/8		1/8	1		-1	53	321
129/2	0.5	22	22	3/8	3/8	3/4	2	1	1/8		1/8	1		-5	61	321
259/4	0.25	22	22	7/16	7/16	3/4	1	1	1/16		1/16	1		-2	70	311
65	0.5	22	22	1/2	1/2	3/4	2	1	1/8		1/8	1		4	52	322
65	0.5	22	22	1/2	1/2	3/4	2	1	1/8		1/8	1		0	60	322
65	0.125	22	22	1/2	1/2	3/4	1	1	1/32		1/32	1		-2	82	312
521/8	0.125	22	22	17/32	17/32	3/4	1	1	1/32		1/32	1		3	81	313
261/4	0.125	22	22	9/16	9/16	3/4	1	1	1/32		1/32	1		-2	82	314
523/8	0.125	22	22	19/32	19/32	3/4	1	1	1/32		1/32	1		3	81	315
131/2	0.5	22	22	5/8	5/8	3/4	2	1	1/8		1/8	1		-2	58	323
131/2	0.5	22	22	5/8	5/8	3/4	2	1	1/8		1/8	1		0	60	323
131/2	0.125	22	22	5/8	5/8	3/4	1	1	1/32		1/32	1		-2	82	316
525/8	0.125	22	22	21/32	21/32	3/4	1	1	1/32		1/32	1		1	79	317
263/4	0.125	22	22	11/16	11/16	3/4	1	1	1/32		1/32	1		-1	77	318
527/8	0.125	22	22	23/32	23/32	3/4	1	1	1/32		1/32	1		4	76	319
66	1.0	23	23	0	0	3/4	2	2	1/4		1/4	1		3	57	347
66	1.0	23	23	0	0	3/4	2	1	1/4		1/4	1		0	60	344
66	0.375	23	23	0	0	3/4	1	1	3/32		1/16	3/2		-1	77	324
531/8	0.0	23	23	3/32	3/32	3/4	1	1	0	grace16	1/16	1		1	79	325
531/8	0.0	23	23	3/32	3/32	3/4	1	1	0	grace16	1/16	1		-1	77	326
531/8	0.0	23	23	3/32	3/32	3/4	1	1	0	grace16	1/16	1		4	76	327
531/8	0.0	23	23	3/32	3/32	3/4	1	1	0	grace16	1/16	1		-1	77	328
531/8	0.125	23	23	3/32	3/32	3/4	1	1	1/32		1/32	1		1	79	329
133/2	0.375	23	23	1/8	1/8	3/4	1	1	3/32		1/16	3/2		3	81	330
535/8	0.0	23	23	7/32	7/32	3/4	1	1	0	grace16	1/16	1		-2	82	331
535/8	0.0	23	23	7/32	7/32	3/4	1	1	0	grace16	1/16	1		3	81	332
535/8	0.0	23	23	7/32	7/32	3/4	1	1	0	grace16	1/16	1		1	79	333
535/8	0.0	23	23	7/32	7/32	3/4	1	1	0	grace16	1/16	1		3	81	334
535/8	0.125	23	23	7/32	7/32	3/4	1	1	1/32		1/32	1		-2	82	335
67	0.25	23	23	1/4	1/4	3/4	1	1	1/16		1/16	1		0	84	336
269/4	0.25	23	23	5/16	5/16	3/4	1	1	1/16		1/16	1		-1	77	337
135/2	0.5	23	23	3/8	3/8	3/4	2	2	1/8		1/8	1		3	45	348
135/2	1.0	23	23	3/8	3/8	3/4	2	1	1/4		1/4	1		-1	53	345
135/2	0.25	23	23	3/8	3/8	3/4	1	1	1/16		1/16	1		4	76	338
271/4	0.25	23	23	7/16	7/16	3/4	1	1	1/16		1/16	1		-3	75	339
68	0.5	23	23	1/2	1/2	3/4	2	2	1/8		1/8	1		-2	46	349
68	0.25	23	23	1/2	1/2	3/4	1	1	1/16		1/16	1		2	74	340
273/4	0.25	23	23	9/16	9/16	3/4	1	1	1/16		1/16	1		-5	73	341
137/2	0.5	23	23	5/8	5/8	3/4	2	2	1/8		1/8	1		2	50	350
137/2	0.5	23	23	5/8	5/8	3/4	2	1	1/8		1/8	1		-1	53	346
137/2	0.25	23	23	5/8	5/8	3/4	1	1	1/16		1/16	1		0	72	342
275/4	0.25	23	23	11/16	11/16	3/4	1	1	1/16		1/16	1		-2	70	343
69	1.0	24	24	0	0	3/4	2	2	1/4		1/4	1		0	48	357
69	1.0	24	24	0	0	3/4	2	1	1/4		1/4	1		-1	53	355
69	0.75	24	24	0	0	3/4	1	1	3/16		1/8	3/2		3	69	351
279/4	0.125	24	24	3/16	3/16	3/4	1	1	1/32		1/32	1		-2	70	352
559/8	0.125	24	24	7/32	7/32	3/4	1	1	1/32		1/32	1		3	69	353
70	0.5	24	24	1/4	1/4	3/4	2	2	1/8		1/8	1		0	48	358
70	0.5	24	24	1/4	1/4	3/4	2	1	1/8		1/8	1		4	52	356
70	1.0	24	24	1/4	1/4	3/4	1	1	1/4		1/4	1		1	67	354
141/2	0.167	24	24	3/8	3/8	3/4	2	2	1/24		1/16	2/3		-2	46	359
212/3	0.167	24	24	5/12	5/12	3/4	2	2	1/24		1/16	2/3		0	48	360
425/6	0.167	24	24	11/24	11/24	3/4	2	2	1/24		1/16	2/3		-2	46	361
71	0.167	24	24	1/2	1/2	3/4	2	2	1/24		1/16	2/3		3	45	362
427/6	0.167	24	24	13/24	13/24	3/4	2	2	1/24		1/16	2/3		-2	46	363
214/3	0.167	24	24	7/12	7/12	3/4	2	2	1/24		1/16	2/3		3	45	364
143/2	0.167	24	24	5/8	5/8	3/4	2	2	1/24		1/16	2/3		1	43	365
215/3	0.167	24	24	2/3	2/3	3/4	2	2	1/24		1/16	2/3		3	45	366
431/6	0.167	24	24	17/24	17/24	3/4	2	2	1/24		1/16	2/3		1	43	367
72	0.5	25	25	0	0	3/4	2	2	1/8		1/8	1		-1	41	384
72	0.125	25	25	0	0	3/4	1	1	1/32		1/32	1		3	69	368
577/8	0.125	25	25	1/32	1/32	3/4	1	1	1/32		1/32	1		1	67	369
289/4	0.125	25	25	1/16	1/16	3/4	1	1	1/32		1/32	1		3	69	370
579/8	0.125	25	25	3/32	3/32	3/4	1	1	1/32		1/32	1		-1	65	371
145/2	0.125	25	25	1/8	1/8	3/4	1	1	1/32		1/32	1		-2	70	372
581/8	0.125	25	25	5/32	5/32	3/4	1	1	1/32		1/32	1		3	69	373
291/4	0.125	25	25	3/16	3/16	3/4	1	1	1/32		1/32	1		-2	70	374
583/8	0.125	25	25	7/32	7/32	3/4	1	1	1/32		1/32	1		1	67	375
73	1.0	25	25	1/4	1/4	3/4	2	2	1/4		1/4	1	1	-1	53	385
73	1.0	25	25	1/4	1/4	3/4	2	1	1/4		1/4	1	1	3	57	382
73	0.5	25	25	1/4	1/4	3/4	1	1	1/8		1/8	1	1	0	72	376
147/2	0.125	25	25	3/8	3/8	3/4	1	1	1/32		1/32	1	-1	0	72	377
589/8	0.125	25	25	13/32	13/32	3/4	1	1	1/32		1/32	1		5	71	378
295/4	0.125	25	25	7/16	7/16	3/4	1	1	1/32		1/32	1		0	72	379
591/8	0.125	25	25	15/32	15/32	3/4	1	1	1/32		1/32	1		3	69	380
74	0.5	25	25	1/2	1/2	3/4	2	2	1/8		1/8	1	-1	-1	53	386
74	0.5	25	25	1/2	1/2	3/4	2	1	1/8		1/8	1	-1	3	57	383
74	0.5	25	25	1/2	1/2	3/4	2	2	1/8		1/8	1		3	57	386
74	0.5	25	25	1/2	1/2	3/4	1	1	1/8		1/8	1		-1	65	381
75	0.125	26	26	0	0	3/4	1	1	1/32		1/32	1		2	74	387
601/8	0.125	26	26	1/32	1/32	3/4	1	1	1/32		1/32	1		0	72	388
301/4	0.125	26	26	1/16	1/16	3/4	1	1	1/32		1/32	1		2	74	389
603/8	0.125	26	26	3/32	3/32	3/4	1	1	1/32		1/32	1		-2	70	390
151/2	0.125	26	26	1/8	1/8	3/4	1	1	1/32		1/32	1		4	76	391
605/8	0.125	26	26	5/32	5/32	3/4	1	1	1/32		1/32	1		2	74	392
303/4	0.125	26	26	3/16	3/16	3/4	1	1	1/32		1/32	1		4	76	393
607/8	0.125	26	26	7/32	7/32	3/4	1	1	1/32		1/32	1		0	72	394
76	1.0	26	26	1/4	1/4	3/4	2	1	1/4		1/4	1	1	3	57	401
76	1.0	26	26	1/4	1/4	3/4	2	1	1/4		1/4	1	1	0	60	401
76	0.5	26	26	1/4	1/4	3/4	1	1	1/8		1/8	1	1	-1	77	395
153/2	0.125	26	26	3/8	3/8	3/4	1	1	1/32		1/32	1	-1	-1	77	396
613/8	0.125	26	26	13/32	13/32	3/4	1	1	1/32		1/32	1		4	76	397
307/4	0.125	26	26	7/16	7/16	3/4	1	1	1/32		1/32	1		-1	77	398
615/8	0.125	26	26	15/32	15/32	3/4	1	1	1/32		1/32	1		0	72	399
77	0.5	26	26	1/2	1/2	3/4	2	1	1/8		1/8	1	-1	3	57	402
77	0.5	26	26	1/2	1/2	3/4	2	1	1/8		1/8	1	-1	0	60	402
77	0.5	26	26	1/2	1/2	3/4	1	1	1/8		1/8	1		3	69	400
78	0.125	27	27	0	0	3/4	1	1	1/32		1/32	1		0	84	403
625/8	0.125	27	27	1/32	1/32	3/4	1	1	1/32		1/32	1		5	83	404
313/4	0.125	27	27	1/16	1/16	3/4	1	1	1/32		1/32	1		0	84	405
627/8	0.125	27	27	3/32	3/32	3/4	1	1	1/32		1/32	1		3	81	406
157/2	0.125	27	27	1/8	1/8	3/4	1	1	1/32		1/32	1		-2	82	407
629/8	0.125	27	27	5/32	5/32	3/4	1	1	1/32		1/32	1		3	81	408
315/4	0.125	27	27	3/16	3/16	3/4	1	1	1/32		1/32	1		-2	82	409
631/8	0.125	27	27	7/32	7/32	3/4	1	1	1/32		1/32	1		1	79	410
79	0.125	27	27	1/4	1/4	3/4	2	1	1/32		1/32	1		0	72	427
79	0.125	27	27	1/4	1/4	3/4	1	1	1/32		1/32	1		3	81	411
633/8	0.125	27	27	9/32	9/32	3/4	2	1	1/32		1/32	1		5	71	428
633/8	0.125	27	27	9/32	9/32	3/4	1	1	1/32		1/32	1		1	79	412
317/4	0.125	27	27	5/16	5/16	3/4	2	1	1/32		1/32	1		0	72	429
317/4	0.125	27	27	5/16	5/16	3/4	1	1	1/32		1/32	1		3	81	413
635/8	0.125	27	27	11/32	11/32	3/4	2	1	1/32		1/32	1		3	69	430
635/8	0.125	27	27	11/32	11/32	3/4	1	1	1/32		1/32	1		-1	77	414
159/2	0.125	27	27	3/8	3/8	3/4	2	1	1/32		1/32	1		-2	70	431
159/2	0.125	27	27	3/8	3/8	3/4	1	1	1/32		1/32	1		1	79	415
637/8	0.125	27	27	13/32	13/32	3/4	2	1	1/32		1/32	1		3	69	432
637/8	0.125	27	27	13/32	13/32	3/4	1	1	1/32		1/32	1		-1	77	416
319/4	0.125	27	27	7/16	7/16	3/4	2	1	1/32		1/32	1		-2	70	433
319/4	0.125	27	27	7/16	7/16	3/4	1	1	1/32		1/32	1		1	79	417
639/8	0.125	27	27	15/32	15/32	3/4	2	1	1/32		1/32	1		1	67	434
639/8	0.125	27	27	15/32	15/32	3/4	1	1	1/32		1/32	1		4	76	418
80	0.75	27	27	1/2	1/2	3/4	2	1	3/16		1/8	3/2		3	69	435
80	0.125	27	27	1/2	1/2	3/4	1	1	1/32		1/32	1		-1	77	419
641/8	0.125	27	27	17/32	17/32	3/4	1	1	1/32		1/32	1		1	79	420
321/4	0.125	27	27	9/16	9/16	3/4	1	1	1/32		1/32	1		3	81	421
643/8	0.125	27	27	19/32	19/32	3/4	1	1	1/32		1/32	1		4	76	422
161/2	0.125	27	27	5/8	5/8	3/4	1	1	1/32		1/32	1		-1	77	423
645/8	0.125	27	27	21/32	21/32	3/4	1	1	1/32		1/32	1		0	72	424
323/4	0.25	27	27	11/16	11/16	3/4	2	1	1/16		1/16	1		-1	65	436
323/4	0.125	27	27	11/16	11/16	3/4	1	1	1/32		1/32	1		2	74	425
647/8	0.125	27	27	23/32	23/32	3/4	1	1	1/32		1/32	1		3	69	426
81	0.5	28	28	0	0	3/4	2	1	1/8		1/8	1		1	67	448
81	0.375	28	28	0	0	3/4	1	1	3/32		1/16	3/2		0	72	437
651/8	0.125	28	28	3/32	3/32	3/4	1	1	1/32		1/32	1		-2	70	438
163/2	0.5	28	28	1/8	1/8	3/4	2	1	1/8		1/8	1		4	64	449
163/2	0.375	28	28	1/8	1/8	3/4	1	1	3/32		1/16	3/2		1	79	439
655/8	0.125	28	28	7/32	7/32	3/4	1	1	1/32		1/32	1		-2	70	440
82	0.5	28	28	1/4	1/4	3/4	2	1	1/8		1/8	1		-1	65	450
82	0.5	28	28	1/4	1/4	3/4	1	1	1/8		1/8	1		3	69	441
83	0.167	28	28	1/2	1/2	3/4	1	1	1/24		1/16	2/3		3	69	442
499/6	0.167	28	28	13/24	13/24	3/4	1	1	1/24		1/16	2/3		-2	70	443
250/3	0.167	28	28	7/12	7/12	3/4	1	1	1/24		1/16	2/3		5	71	444
167/2	0.167	28	28	5/8	5/8	3/4	1	1	1/24		1/16	2/3		0	72	445
251/3	0.167	28	28	2/3	2/3	3/4	1	1	1/24		1/16	2/3		7	73	446
503/6	0.167	28	28	17/24	17/24	3/4	1	1	1/24		1/16	2/3		2	74	447
84	1.0	29	29	0	0	3/4	2	1	1/4		1/4	1		0	48	462
84	1.0	29	29	0	0	3/4	2	1	1/4		1/4	1		3	57	462
84	0.75	29	29	0	0	3/4	1	1	3/16		1/8	3/2		-1	65	451
339/4	0.125	29	29	3/16	3/16	3/4	1	1	1/32		1/32	1		1	67	452
679/8	0.125	29	29	7/32	7/32	3/4	1	1	1/32		1/32	1		-1	65	453
85	0.5	29	29	1/4	1/4	3/4	2	1	1/8		1/8	1		0	48	463
85	0.5	29	29	1/4	1/4	3/4	2	1	1/8		1/8	1		1	55	463
85	0.5	29	29	1/4	1/4	3/4	1	1	1/8		1/8	1		4	64	454
343/4	0.25	29	29	7/16	7/16	3/4	1	1	1/16		1/16	1		4	76	455
86	0.167	29	29	1/2	1/2	3/4	1	1	1/24		1/16	2/3		1	79	456
517/6	0.167	29	29	13/24	13/24	3/4	1	1	1/24		1/16	2/3		6	78	457
259/3	0.167	29	29	7/12	7/12	3/4	1	1	1/24		1/16	2/3		-1	77	458
173/2	0.167	29	29	5/8	5/8	3/4	1	1	1/24		1/16	2/3		4	76	459
260/3	0.167	29	29	2/3	2/3	3/4	1	1	1/24		1/16	2/3		-3	75	460
521/6	0.167	29	29	17/24	17/24	3/4	1	1	1/24		1/16	2/3		2	74	461
87	0.5	30	30	0	0	3/4	2	1	1/8		1/8	1		1	55	477
87	0.5	30	30	0	0	3/4	2	1	1/8		1/8	1		2	62	477
87	0.167	30	30	0	0	3/4	1	1	1/24		1/16	2/3		0	72	464
523/6	0.167	30	30	1/24	1/24	3/4	1	1	1/24		1/16	2/3		5	71	465
262/3	0.167	30	30	1/12	1/12	3/4	1	1	1/24		1/16	2/3		1	79	466
175/2	0.5	30	30	1/8	1/8	3/4	2	1	1/8		1/8	1		4	52	478
175/2	0.5	30	30	1/8	1/8	3/4	2	1	1/8		1/8	1		0	60	478
175/2	0.5	30	30	1/8	1/8	3/4	1	1	1/8		1/8	1		-2	70	467
355/4	0.25	30	30	7/16	7/16	3/4	2	2	1/16		1/16	1		4	40	479
355/4	0.25	30	30	7/16	7/16	3/4	1	1	1/16		1/16	1		1	55	468
89	0.75	30	30	1/2	1/2	3/4	2	2	3/16		1/8	3/2		-1	41	480
89	0.125	30	30	1/2	1/2	3/4	1	1	1/32		1/32	1		3	57	469
713/8	0.125	30	30	17/32	17/32	3/4	1	1	1/32		1/32	1		-2	58	470
357/4	0.125	30	30	9/16	9/16	3/4	1	1	1/32		1/32	1		3	57	471
715/8	0.125	30	30	19/32	19/32	3/4	1	1	1/32		1/32	1		1	55	472
179/2	0.125	30	30	5/8	5/8	3/4	1	1	1/32		1/32	1		3	57	473
717/8	0.125	30	30	21/32	21/32	3/4	1	1	1/32		1/32	1		-2	58	474
359/4	0.25	30	30	11/16	11/16	3/4	2	2	1/16		1/16	1		1	43	481
359/4	0.125	30	30	11/16	11/16	3/4	1	1	1/32		1/32	1		3	57	475
719/8	0.125	30	30	23/32	23/32	3/4	1	1	1/32		1/32	1		-2	58	476
90	0.75	31	31	0	0	3/4	2	2	3/16		1/8	3/2		3	45	495
90	0.125	31	31	0	0	3/4	1	1	1/32		1/32	1		0	60	482
721/8	0.125	31	31	1/32	1/32	3/4	1	1	1/32		1/32	1		2	62	483
361/4	0.125	31	31	1/16	1/16	3/4	1	1	1/32		1/32	1		0	60	484
723/8	0.125	31	31	3/32	3/32	3/4	1	1	1/32		1/32	1		5	59	485
181/2	0.125	31	31	1/8	1/8	3/4	1	1	1/32		1/32	1		0	60	486
725/8	0.125	31	31	5/32	5/32	3/4	1	1	1/32		1/32	1		2	62	487
363/4	0.25	31	31	3/16	3/16	3/4	2	2	1/16		1/16	1		-2	46	496
363/4	0.125	31	31	3/16	3/16	3/4	1	1	1/32		1/32	1		0	60	488
727/8	0.125	31	31	7/32	7/32	3/4	1	1	1/32		1/32	1		2	62	489
91	0.5	31	31	1/4	1/4	3/4	2	2	1/8		1/8	1		0	48	497
91	0.5	31	31	1/4	1/4	3/4	1	1	1/8		1/8	1		-1	53	490
92	0.0	31	31	1/2	1/2	3/4	1	1	0	grace16	1/16	1		3	57	491
92	1.0	31	31	1/2	1/2	3/4	2	2	1/4		1/4	1		0	36	498
92	1.0	31	31	1/2	1/2	3/4	2	2	1/4		1/4	1		-2	46	498
92	0.5	31	31	1/2	1/2	3/4	1	1	1/8		1/8	1		4	52	492
92	0.5	31	31	1/2	1/2	3/4	1	1	1/8		1/8	1		1	55	492
185/2	0.25	31	31	5/8	5/8	3/4	1	1	1/16		1/16	1		-1	53	493
371/4	0.25	31	31	11/16	11/16	3/4	1	1	1/16		1/16	1		1	55	494
93	1.0	32	32	0	0	3/4	2	1	1/4		1/4	1		-1	41	501
93	1.0	32	32	0	0	3/4	2	1	1/4		1/4	1		-2	46	501
93	1.0	32	32	0	0	3/4	1	1	1/4		1/4	1		4	52	499
93	1.0	32	32	0	0	3/4	1	1	1/4		1/4	1		1	55	499
94	0.5	32	32	1/4	1/4	3/4	2	1	1/8		1/8	1		-1	41	502
94	0.5	32	32	1/4	1/4	3/4	2	1	1/8		1/8	1		3	45	502
94	0.5	32	32	1/4	1/4	3/4	1	1	1/8		1/8	1		-1	53	500
189/2	0.5	32	32	3/8	3/8	3/4	2	1	1/8		1/8	1		-1	41	503
189/2	0.5	32	32	3/8	3/8	3/4	2	1	1/8		1/8	1		-1	53	503
95	0.5	32	32	1/2	1/2	3/4	2	1	1/8		1/8	1		4	40	504
95	0.5	32	32	1/2	1/2	3/4	2	1	1/8		1/8	1		4	52	504
191/2	0.5	32	32	5/8	5/8	3/4	2	1	1/8		1/8	1		2	38	505
191/2	0.5	32	32	5/8	5/8	3/4	2	1	1/8		1/8	1		2	50	505
96	1.0	33	33	0	0	3/4	2	1	1/4		1/4	1		0	36	517
96	1.0	33	33	0	0	3/4	2	1	1/4		1/4	1		0	48	517
96	0.25	33	33	0	0	3/4	1	1	1/16		1/16	1		4	64	506
385/4	0.25	33	33	1/16	1/16	3/4	1	1	1/16		1/16	1		1	67	507
193/2	0.25	33	33	1/8	1/8	3/4	1	1	1/16		1/16	1		0	72	508
387/4	0.25	33	33	3/16	3/16	3/4	1	1	1/16		1/16	1		4	76	509
97	1.0	33	33	1/4	1/4	3/4	1	1	1/4		1/4	1	1	1	79	510
195/2	0.5	33	33	3/8	3/8	3/4	2	1	1/8		1/8	1		0	60	518
195/2	0.5	33	33	3/8	3/8	3/4	2	1	1/8		1/8	1		4	64	518
98	0.5	33	33	1/2	1/2	3/4	2	1	1/8		1/8	1		0	60	519
98	0.5	33	33	1/2	1/2	3/4	2	1	1/8		1/8	1		4	64	519
98	0.75	33	33	1/2	1/2	3/4	1	1	3/16		1/8	3/2	-1	1	79	511
197/2	0.5	33	33	5/8	5/8	3/4	2	1	1/8		1/8	1		0	60	520
197/2	0.5	33	33	5/8	5/8	3/4	2	1	1/8		1/8	1		4	64	520
395/4	0.0	33	33	11/16	11/16	3/4	1	1	0	grace32	1/32	1		3	81	512
395/4	0.0	33	33	11/16	11/16	3/4	1	1	0	grace32	1/32	1		1	79	513
395/4	0.0	33	33	11/16	11/16	3/4	1	1	0	grace32	1/32	1		6	78	514
395/4	0.0	33	33	11/16	11/16	3/4	1	1	0	grace32	1/32	1		1	79	515
395/4	0.25	33	33	11/16	11/16	3/4	1	1	1/16		1/16	1		3	81	516
99	1.0	34	34	0	0	3/4	1	1	1/4		1/4	1		0	72	521
199/2	0.5	34	34	1/8	1/8	3/4	2	1	1/8		1/8	1		2	62	527
199/2	0.5	34	34	1/8	1/8	3/4	2	1	1/8		1/8	1		-1	65	527
100	0.5	34	34	1/4	1/4	3/4	2	1	1/8		1/8	1		2	62	528
100	0.5	34	34	1/4	1/4	3/4	2	1	1/8		1/8	1		-1	65	528
100	0.5	34	34	1/4	1/4	3/4	1	1	1/8		1/8	1		5	71	522
201/2	0.5	34	34	3/8	3/8	3/4	2	1	1/8		1/8	1		2	62	529
201/2	0.5	34	34	3/8	3/8	3/4	2	1	1/8		1/8	1		-1	65	529
101	0.5	34	34	1/2	1/2	3/4	2	1	1/8		1/8	1		2	62	530
101	0.5	34	34	1/2	1/2	3/4	2	1	1/8		1/8	1		-1	65	530
101	0.25	34	34	1/2	1/2	3/4	1	1	1/16		1/16	1		5	71	523
405/4	0.25	34	34	9/16	9/16	3/4	1	1	1/16		1/16	1		2	74	524
203/2	0.5	34	34	5/8	5/8	3/4	2	1	1/8		1/8	1		2	62	531
203/2	0.5	34	34	5/8	5/8	3/4	2	1	1/8		1/8	1		-1	65	531
203/2	0.25	34	34	5/8	5/8	3/4	1	1	1/16		1/16	1		-1	77	525
407/4	0.25	34	34	11/16	11/16	3/4	1	1	1/16		1/16	1		5	83	526
102	0.75	35	35	0	0	3/4	1	1	3/16		1/8	3/2		2	86	532
205/2	0.5	35	35	1/8	1/8	3/4	2	1	1/8		1/8	1		1	55	542
205/2	0.5	35	35	1/8	1/8	3/4	2	1	1/8		1/8	1		5	59	542
411/4	0.25	35	35	3/16	3/16	3/4	1	1	1/16		1/16	1		5	83	533
103	0.5	35	35	1/4	1/4	3/4	2	1	1/8		1/8	1		1	55	543
103	0.5	35	35	1/4	1/4	3/4	2	1	1/8		1/8	1		5	59	543
103	0.25	35	35	1/4	1/4	3/4	1	1	1/16		1/16	1		-1	89	534
413/4	0.25	35	35	5/16	5/16	3/4	1	1	1/16		1/16	1		2	86	535
207/2	0.5	35	35	3/8	3/8	3/4	2	1	1/8		1/8	1		1	55	544
207/2	0.5	35	35	3/8	3/8	3/4	2	1	1/8		1/8	1		5	59	544
207/2	0.25	35	35	3/8	3/8	3/4	1	1	1/16		1/16	1		5	83	536
415/4	0.25	35	35	7/16	7/16	3/4	1	1	1/16		1/16	1		1	79	537
104	0.5	35	35	1/2	1/2	3/4	2	1	1/8		1/8	1		1	55	545
104	0.5	35	35	1/2	1/2	3/4	2	1	1/8		1/8	1		5	59	545
104	0.25	35	35	1/2	1/2	3/4	1	1	1/16		1/16	1		6	78	538
417/4	0.25	35	35	9/16	9/16	3/4	1	1	1/16		1/16	1		1	79	539
209/2	0.5	35	35	5/8	5/8	3/4	2	1	1/8		1/8	1		1	55	546
209/2	0.5	35	35	5/8	5/8	3/4	2	1	1/8		1/8	1		5	59	546
209/2	0.25	35	35	5/8	5/8	3/4	1	1	1/16		1/16	1		3	81	540
419/4	0.25	35	35	11/16	11/16	3/4	1	1	1/16		1/16	1		-1	77	541
105	1.0	36	36	0	0	3/4	1	1	1/4		1/4	1		9	75	547
211/2	0.5	36	36	1/8	1/8	3/4	2	1	1/8		1/8	1		0	48	553
211/2	0.5	36	36	1/8	1/8	3/4	2	1	1/8		1/8	1		0	60	553
106	0.5	36	36	1/4	1/4	3/4	2	1	1/8		1/8	1		0	48	554
106	0.5	36	36	1/4	1/4	3/4	2	1	1/8		1/8	1		0	60	554
106	0.5	36	36	1/4	1/4	3/4	1	1	1/8		1/8	1		4	76	548
213/2	0.5	36	36	3/8	3/8	3/4	2	1	1/8		1/8	1		0	48	555
213/2	0.5	36	36	3/8	3/8	3/4	2	1	1/8		1/8	1		0	60	555
107	0.5	36	36	1/2	1/2	3/4	2	1	1/8		1/8	1		4	40	556
107	0.25	36	36	1/2	1/2	3/4	1	1	1/16		1/16	1		0	72	549
429/4	0.25	36	36	9/16	9/16	3/4	1	1	1/16		1/16	1		4	76	550
215/2	0.5	36	36	5/8	5/8	3/4	2	1	1/8		1/8	1		4	52	557
215/2	0.25	36	36	5/8	5/8	3/4	1	1	1/16		1/16	1		1	79	551
431/4	0.25	36	36	11/16	11/16	3/4	1	1	1/16		1/16	1		0	84	552
108	0.5	37	37	0	0	3/4	2	1	1/8		1/8	1		-1	41	572
108	1.0	37	37	0	0	3/4	1	2	1/4		1/4	1	1	0	72	569
108	0.25	37	37	0	0	3/4	1	1	1/16		1/16	1		0	84	558
433/4	0.25	37	37	1/16	1/16	3/4	1	1	1/16		1/16	1		2	74	559
217/2	0.375	37	37	1/8	1/8	3/4	2	1	3/32		1/16	3/2		-1	53	573
217/2	0.5	37	37	1/8	1/8	3/4	1	1	1/8		1/8	1	1	2	74	560
871/8	0.125	37	37	7/32	7/32	3/4	2	1	1/32		1/32	1		4	52	574
109	0.5	37	37	1/4	1/4	3/4	2	1	1/8		1/8	1		-1	53	575
109	1.0	37	37	1/4	1/4	3/4	1	2	1/4		1/4	1	-1	0	72	570
109	0.25	37	37	1/4	1/4	3/4	1	1	1/16		1/16	1	-1	2	74	561
437/4	0.25	37	37	5/16	5/16	3/4	1	1	1/16		1/16	1		0	84	562
219/2	0.5	37	37	3/8	3/8	3/4	2	1	1/8		1/8	1		6	54	576
219/2	0.25	37	37	3/8	3/8	3/4	1	1	1/16		1/16	1		-3	75	563
439/4	0.25	37	37	7/16	7/16	3/4	1	1	1/16		1/16	1		0	84	564
110	0.5	37	37	1/2	1/2	3/4	2	1	1/8		1/8	1		1	55	577
110	0.25	37	37	1/2	1/2	3/4	1	1	1/16		1/16	1		0	72	565
110	1.0	37	37	1/2	1/2	3/4	1	2	1/4		1/4	1		0	72	571
441/4	0.25	37	37	9/16	9/16	3/4	1	1	1/16		1/16	1		4	76	566
221/2	0.5	37	37	5/8	5/8	3/4	2	1	1/8		1/8	1		1	43	578
221/2	0.25	37	37	5/8	5/8	3/4	1	1	1/16		1/16	1		1	79	567
443/4	0.25	37	37	11/16	11/16	3/4	1	1	1/16		1/16	1		0	84	568
111	0.5	38	38	0	0	3/4	2	1	1/8		1/8	1		3	45	593
111	1.0	38	38	0	0	3/4	1	2	1/4		1/4	1	1	0	72	590
111	0.25	38	38	0	0	3/4	1	1	1/16		1/16	1		0	84	579
445/4	0.25	38	38	1/16	1/16	3/4	1	1	1/16		1/16	1		-1	77	580
223/2	0.375	38	38	1/8	1/8	3/4	2	1	3/32		1/16	3/2		3	57	594
223/2	0.5	38	38	1/8	1/8	3/4	1	1	1/8		1/8	1	1	-1	77	581
895/8	0.125	38	38	7/32	7/32	3/4	2	1	1/32		1/32	1		8	56	595
112	0.5	38	38	1/4	1/4	3/4	2	1	1/8		1/8	1		3	57	596
112	1.0	38	38	1/4	1/4	3/4	1	2	1/4		1/4	1	-1	0	72	591
112	0.25	38	38	1/4	1/4	3/4	1	1	1/16		1/16	1	-1	-1	77	582
449/4	0.25	38	38	5/16	5/16	3/4	1	1	1/16		1/16	1		0	84	583
225/2	0.5	38	38	3/8	3/8	3/4	2	1	1/8		1/8	1		3	45	597
225/2	0.25	38	38	3/8	3/8	3/4	1	1	1/16		1/16	1		6	78	584
451/4	0.25	38	38	7/16	7/16	3/4	1	1	1/16		1/16	1		0	84	585
113	0.5	38	38	1/2	1/2	3/4	2	1	1/8		1/8	1		4	40	598
113	0.25	38	38	1/2	1/2	3/4	1	1	1/16		1/16	1		0	72	586
113	1.0	38	38	1/2	1/2	3/4	1	2	1/4		1/4	1		0	72	592
453/4	0.25	38	38	9/16	9/16	3/4	1	1	1/16		1/16	1		4	76	587
227/2	0.5	38	38	5/8	5/8	3/4	2	1	1/8		1/8	1		4	52	599
227/2	0.25	38	38	5/8	5/8	3/4	1	1	1/16		1/16	1		1	79	588
455/4	0.25	38	38	11/16	11/16	3/4	1	1	1/16		1/16	1		-2	82	589
114	1.0	39	39	0	0	3/4	2	2	1/4		1/4	1		-1	53	614
114	0.5	39	39	0	0	3/4	2	1	1/8		1/8	1		0	60	610
114	0.25	39	39	0	0	3/4	1	1	1/16		1/16	1		8	80	600
457/4	0.25	39	39	1/16	1/16	3/4	1	1	1/16		1/16	1		3	81	601
229/2	0.5	39	39	1/8	1/8	3/4	2	1	1/8		1/8	1		2	62	611
229/2	0.25	39	39	1/8	1/8	3/4	1	1	1/16		1/16	1		-1	77	602
459/4	0.25	39	39	3/16	3/16	3/4	1	1	1/16		1/16	1		2	74	603
115	1.0	39	39	1/4	1/4	3/4	2	2	1/4		1/4	1		1	55	615
115	1.0	39	39	1/4	1/4	3/4	2	1	1/4		1/4	1		4	64	612
115	1.0	39	39	1/4	1/4	3/4	1	1	1/4		1/4	1		0	72	604
116	0.0	39	39	1/2	1/2	3/4	1	1	0	grace16	1/16	1		4	76	605
116	1.0	39	39	1/2	1/2	3/4	2	2	1/4		1/4	1		1	55	616
116	1.0	39	39	1/2	1/2	3/4	2	1	1/4		1/4	1		-1	65	613
116	0.75	39	39	1/2	1/2	3/4	1	2	3/16		1/8	3/2		5	71	608
116	0.75	39	39	1/2	1/2	3/4	1	1	3/16		1/8	3/2		2	74	606
467/4	0.25	39	39	11/16	11/16	3/4	1	1	1/16		1/16	1		0	72	607
467/4	0.25	39	39	11/16	11/16	3/4	1	2	1/16		1/16	1		0	72	609
117	0.5	40	40	0	0	3/4	2	1	1/8		1/8	1		0	60	621
117	0.5	40	40	0	0	3/4	2	2	1/8		1/8	1		4	64	627
117	2.0	40	40	0	0	3/4	1	1	1/2		1/2	1		0	72	617
117	3.0	40	40	0	0	3/4	1	2	3/4		1/2	3/2		0	72	620
235/2	0.5	40	40	1/8	1/8	3/4	2	1	1/8		1/8	1		0	48	622
118	0.5	40	40	1/4	1/4	3/4	2	1	1/8		1/8	1		0	60	623
237/2	0.5	40	40	3/8	3/8	3/4	2	1	1/8		1/8	1		-2	58	624
119	0.5	40	40	1/2	1/2	3/4	2	1	1/8		1/8	1		3	57	625
119	0.5	40	40	1/2	1/2	3/4	1	1	1/8		1/8	1		0	72	618
239/2	0.5	40	40	5/8	5/8	3/4	2	1	1/8		1/8	1		1	55	626
239/2	0.5	40	40	5/8	5/8	3/4	1	1	1/8		1/8	1		7	73	619
120	0.5	41	41	0	0	3/4	2	1	1/8		1/8	1		6	54	636
120	1.0	41	41	0	0	3/4	1	2	1/4		1/4	1		0	72	634
120	1.0	41	41	0	0	3/4	1	1	1/4		1/4	1		2	74	628
241/2	0.5	41	41	1/8	1/8	3/4	2	1	1/8		1/8	1		2	50	637
121	0.5	41	41	1/4	1/4	3/4	2	1	1/8		1/8	1		-2	58	638
121	2.0	41	41	1/4	1/4	3/4	1	2	1/2		1/2	1	1	-2	70	635
121	0.75	41	41	1/4	1/4	3/4	1	1	3/16		1/8	3/2		2	74	629
243/2	0.5	41	41	3/8	3/8	3/4	2	1	1/8		1/8	1		3	57	639
487/4	0.125	41	41	7/16	7/16	3/4	1	1	1/32		1/32	1		4	76	630
975/8	0.125	41	41	15/32	15/32	3/4	1	1	1/32		1/32	1		6	78	631
122	0.5	41	41	1/2	1/2	3/4	2	1	1/8		1/8	1		1	55	640
122	0.5	41	41	1/2	1/2	3/4	1	1	1/8		1/8	1		1	79	632
245/2	0.5	41	41	5/8	5/8	3/4	2	1	1/8		1/8	1		-1	53	641
245/2	0.5	41	41	5/8	5/8	3/4	1	1	1/8		1/8	1		2	74	633
123	0.5	42	42	0	0	3/4	2	1	1/8		1/8	1		4	52	650
123	1.0	42	42	0	0	3/4	1	2	1/4		1/4	1	-1	-2	70	648
123	1.0	42	42	0	0	3/4	1	1	1/4		1/4	1		0	72	642
247/2	0.5	42	42	1/8	1/8	3/4	2	1	1/8		1/8	1		0	48	651
124	0.5	42	42	1/4	1/4	3/4	2	1	1/8		1/8	1		3	57	652
124	2.0	42	42	1/4	1/4	3/4	1	2	1/2		1/2	1	1	3	69	649
124	0.75	42	42	1/4	1/4	3/4	1	1	3/16		1/8	3/2		0	72	643
249/2	0.5	42	42	3/8	3/8	3/4	2	1	1/8		1/8	1		1	55	653
499/4	0.125	42	42	7/16	7/16	3/4	1	1	1/32		1/32	1		2	74	644
999/8	0.125	42	42	15/32	15/32	3/4	1	1	1/32		1/32	1		4	76	645
125	0.5	42	42	1/2	1/2	3/4	2	1	1/8		1/8	1		-1	53	654
125	0.5	42	42	1/2	1/2	3/4	1	1	1/8		1/8	1		-1	77	646
251/2	0.5	42	42	5/8	5/8	3/4	2	1	1/8		1/8	1		4	52	655
251/2	0.5	42	42	5/8	5/8	3/4	1	1	1/8		1/8	1		0	72	647
126	1.0	43	43	0	0	3/4	2	1	1/4		1/4	1		2	50	671
126	0.5	43	43	0	0	3/4	1	2	1/8		1/8	1	-1	3	69	663
126	1.0	43	43	0	0	3/4	1	1	1/4		1/4	1	1	-2	70	656
253/2	0.25	43	43	1/8	1/8	3/4	1	2	1/16		1/16	1		1	67	664
507/4	0.25	43	43	3/16	3/16	3/4	1	2	1/16		1/16	1		6	66	665
127	0.5	43	43	1/4	1/4	3/4	2	1	1/8		1/8	1		4	52	672
127	0.5	43	43	1/4	1/4	3/4	1	2	1/8		1/8	1		1	67	666
127	0.5	43	43	1/4	1/4	3/4	1	1	1/8		1/8	1	-1	-2	70	657
255/2	0.5	43	43	3/8	3/8	3/4	2	1	1/8		1/8	1		0	48	673
255/2	0.5	43	43	3/8	3/8	3/4	1	2	1/8		1/8	1		4	64	667
255/2	0.25	43	43	3/8	3/8	3/4	1	1	1/16		1/16	1		0	72	658
511/4	0.25	43	43	7/16	7/16	3/4	1	1	1/16		1/16	1		-2	70	659
128	0.5	43	43	1/2	1/2	3/4	2	1	1/8		1/8	1		2	50	674
128	0.5	43	43	1/2	1/2	3/4	1	2	1/8		1/8	1		-1	65	668
128	0.5	43	43	1/2	1/2	3/4	1	1	1/8		1/8	1		3	69	660
257/2	0.0	43	43	5/8	5/8	3/4	1	1	0	grace16	1/16	1		0	72	661
257/2	0.0	43	43	5/8	5/8	3/4	1	2	0	grace16	1/16	1		3	69	669
257/2	0.5	43	43	5/8	5/8	3/4	2	1	1/8		1/8	1		-2	46	675
257/2	0.5	43	43	5/8	5/8	3/4	1	2	1/8		1/8	1		1	67	670
257/2	0.5	43	43	5/8	5/8	3/4	1	1	1/8		1/8	1		-2	70	662
129	0.5	44	44	0	0	3/4	2	1	1/8		1/8	1		0	48	680
129	1.0	44	44	0	0	3/4	1	2	1/4		1/4	1		-1	65	678
129	1.0	44	44	0	0	3/4	1	1	1/4		1/4	1		3	69	676
259/2	0.5	44	44	1/8	1/8	3/4	2	1	1/8		1/8	1	1	0	60	681
130	0.25	44	44	1/4	1/4	3/4	2	1	1/16		1/16	1	-1	0	60	682
130	0.5	44	44	1/4	1/4	3/4	1	2	1/8		1/8	1		4	64	679
130	0.5	44	44	1/4	1/4	3/4	1	1	1/8		1/8	1		1	67	677
521/4	0.25	44	44	5/16	5/16	3/4	2	1	1/16		1/16	1		0	48	683
261/2	0.25	44	44	3/8	3/8	3/4	2	1	1/16		1/16	1		-2	58	684
523/4	0.25	44	44	7/16	7/16	3/4	2	1	1/16		1/16	1		-2	46	685
131	0.25	44	44	1/2	1/2	3/4	2	1	1/16		1/16	1		3	57	686
525/4	0.25	44	44	9/16	9/16	3/4	2	1	1/16		1/16	1		3	45	687
263/2	0.25	44	44	5/8	5/8	3/4	2	1	1/16		1/16	1		1	55	688
527/4	0.25	44	44	11/16	11/16	3/4	2	1	1/16		1/16	1		1	43	689
132	0.5	45	45	0	0	3/4	2	1	1/8		1/8	1		-1	41	699
132	0.5	45	45	0	0	3/4	2	1	1/8		1/8	1		-1	53	699
132	0.125	45	45	0	0	3/4	1	1	1/32		1/32	1		3	69	690
1057/8	0.375	45	45	1/32	1/32	3/4	1	1	3/32		1/16	3/2		-1	65	691
265/2	0.125	45	45	1/8	1/8	3/4	1	1	1/32		1/32	1		-2	70	692
1061/8	0.375	45	45	5/32	5/32	3/4	1	1	3/32		1/16	3/2		1	67	693
133	1.0	45	45	1/4	1/4	3/4	2	1	1/4		1/4	1	1	-1	53	700
133	1.0	45	45	1/4	1/4	3/4	2	1	1/4		1/4	1	1	3	57	700
133	0.75	45	45	1/4	1/4	3/4	1	1	3/16		1/8	3/2		0	72	694
535/4	0.083	45	45	7/16	7/16	3/4	1	1	1/48		1/32	2/3		-2	70	695
803/6	0.083	45	45	11/24	11/24	3/4	1	1	1/48		1/32	2/3		3	69	696
1607/12	0.083	45	45	23/48	23/48	3/4	1	1	1/48		1/32	2/3		1	67	697
134	0.5	45	45	1/2	1/2	3/4	2	1	1/8		1/8	1	-1	-1	53	701
134	0.5	45	45	1/2	1/2	3/4	2	1	1/8		1/8	1	-1	3	57	701
134	0.5	45	45	1/2	1/2	3/4	1	1	1/8		1/8	1		-1	65	698
135	0.125	46	46	0	0	3/4	1	1	1/32		1/32	1		2	74	702
1081/8	0.375	46	46	1/32	1/32	3/4	1	1	3/32		1/16	3/2		-2	70	703
271/2	0.125	46	46	1/8	1/8	3/4	1	1	1/32		1/32	1		4	76	704
1085/8	0.375	46	46	5/32	5/32	3/4	1	1	3/32		1/16	3/2		0	72	705
136	1.0	46	46	1/4	1/4	3/4	2	1	1/4		1/4	1	1	3	57	712
136	1.0	46	46	1/4	1/4	3/4	2	1	1/4		1/4	1	1	0	60	712
136	0.75	46	46	1/4	1/4	3/4	1	1	3/16		1/8	3/2		-1	77	706
547/4	0.062	46	46	7/16	7/16	3/4	1	1	1/64		1/64	1		4	76	707
2189/16	0.062	46	46	29/64	29/64	3/4	1	1	1/64		1/64	1		2	74	708
1095/8	0.062	46	46	15/32	15/32	3/4	1	1	1/64		1/64	1		0	72	709
2191/16	0.062	46	46	31/64	31/64	3/4	1	1	1/64		1/64	1		-2	70	710
137	0.5	46	46	1/2	1/2	3/4	2	1	1/8		1/8	1	-1	3	57	713
137	0.5	46	46	1/2	1/2	3/4	2	1	1/8		1/8	1	-1	0	60	713
137	0.5	46	46	1/2	1/2	3/4	1	1	1/8		1/8	1		3	69	711
138	0.125	47	47	0	0	3/4	1	1	1/32		1/32	1		-1	77	714
1105/8	0.375	47	47	1/32	1/32	3/4	1	1	3/32		1/16	3/2		0	72	715
277/2	0.125	47	47	1/8	1/8	3/4	1	1	1/32		1/32	1		3	81	716
1109/8	0.375	47	47	5/32	5/32	3/4	1	1	3/32		1/16	3/2		-1	77	717
139	0.125	47	47	1/4	1/4	3/4	1	1	1/32		1/32	1		0	84	718
1113/8	0.375	47	47	9/32	9/32	3/4	1	1	3/32		1/16	3/2		8	80	719
279/2	0.125	47	47	3/8	3/8	3/4	1	1	1/32		1/32	1		3	81	720
1117/8	0.375	47	47	13/32	13/32	3/4	1	1	3/32		1/16	3/2		4	76	721
140	0.125	47	47	1/2	1/2	3/4	1	1	1/32		1/32	1		-1	77	722
1121/8	0.375	47	47	17/32	17/32	3/4	1	1	3/32		1/16	3/2		0	72	723
281/2	0.5	47	47	5/8	5/8	3/4	2	1	1/8		1/8	1		-1	53	726
281/2	0.5	47	47	5/8	5/8	3/4	2	1	1/8		1/8	1		3	57	726
281/2	0.125	47	47	5/8	5/8	3/4	1	1	1/32		1/32	1		2	74	724
1125/8	0.375	47	47	21/32	21/32	3/4	1	1	3/32		1/16	3/2		3	69	725
141	0.5	48	48	0	0	3/4	2	1	1/8		1/8	1		2	50	736
141	0.5	48	48	0	0	3/4	2	1	1/8		1/8	1		-1	53	736
141	0.125	48	48	0	0	3/4	1	1	1/32		1/32	1		0	72	727
1129/8	0.375	48	48	1/32	1/32	3/4	1	1	3/32		1/16	3/2		5	71	728
283/2	0.5	48	48	1/8	1/8	3/4	2	1	1/8		1/8	1		4	52	737
283/2	0.5	48	48	1/8	1/8	3/4	2	1	1/8		1/8	1		1	55	737
283/2	0.125	48	48	1/8	1/8	3/4	1	1	1/32		1/32	1		0	72	729
1133/8	0.375	48	48	5/32	5/32	3/4	1	1	3/32		1/16	3/2		-2	70	730
142	0.5	48	48	1/4	1/4	3/4	2	1	1/8		1/8	1		-1	53	738
142	0.5	48	48	1/4	1/4	3/4	2	1	1/8		1/8	1		0	60	738
142	0.5	48	48	1/4	1/4	3/4	1	1	1/8		1/8	1		3	69	731
143	0.25	48	48	1/2	1/2	3/4	1	1	1/16		1/16	1		3	69	732
143	0.25	48	48	1/2	1/2	3/4	1	1	1/16		1/16	1		3	81	732
573/4	0.25	48	48	9/16	9/16	3/4	1	1	1/16		1/16	1		-2	70	733
573/4	0.25	48	48	9/16	9/16	3/4	1	1	1/16		1/16	1		-2	82	733
287/2	0.25	48	48	5/8	5/8	3/4	1	1	1/16		1/16	1		5	71	734
287/2	0.25	48	48	5/8	5/8	3/4	1	1	1/16		1/16	1		5	83	734
575/4	0.25	48	48	11/16	11/16	3/4	1	1	1/16		1/16	1		0	72	735
575/4	0.25	48	48	11/16	11/16	3/4	1	1	1/16		1/16	1		0	84	735
144	1.0	49	49	0	0	3/4	2	1	1/4		1/4	1		0	48	748
144	1.0	49	49	0	0	3/4	2	1	1/4		1/4	1		3	57	748
144	0.75	49	49	0	0	3/4	1	1	3/16		1/8	3/2		-1	65	739
144	0.75	49	49	0	0	3/4	1	1	3/16		1/8	3/2		-1	77	739
579/4	0.125	49	49	3/16	3/16	3/4	1	1	1/32		1/32	1		1	79	740
1159/8	0.125	49	49	7/32	7/32	3/4	1	1	1/32		1/32	1		-1	77	741
145	0.5	49	49	1/4	1/4	3/4	2	1	1/8		1/8	1		0	48	749
145	0.5	49	49	1/4	1/4	3/4	2	1	1/8		1/8	1		1	55	749
145	0.5	49	49	1/4	1/4	3/4	1	1	1/8		1/8	1		4	76	742
583/4	0.25	49	49	7/16	7/16	3/4	1	1	1/16		1/16	1		4	64	743
583/4	0.25	49	49	7/16	7/16	3/4	1	1	1/16		1/16	1		4	76	743
146	0.25	49	49	1/2	1/2	3/4	1	1	1/16		1/16	1		1	67	744
146	0.25	49	49	1/2	1/2	3/4	1	1	1/16		1/16	1		1	79	744
585/4	0.25	49	49	9/16	9/16	3/4	1	1	1/16		1/16	1		-1	65	745
585/4	0.25	49	49	9/16	9/16	3/4	1	1	1/16		1/16	1		-1	77	745
293/2	0.25	49	49	5/8	5/8	3/4	1	1	1/16		1/16	1		4	64	746
293/2	0.25	49	49	5/8	5/8	3/4	1	1	1/16		1/16	1		4	76	746
587/4	0.25	49	49	11/16	11/16	3/4	1	1	1/16		1/16	1		2	62	747
587/4	0.25	49	49	11/16	11/16	3/4	1	1	1/16		1/16	1		2	74	747
147	0.5	50	50	0	0	3/4	2	1	1/8		1/8	1		2	50	758
147	0.5	50	50	0	0	3/4	2	1	1/8		1/8	1		-1	53	758
147	0.25	50	50	0	0	3/4	1	1	1/16		1/16	1		0	60	750
147	0.25	50	50	0	0	3/4	1	1	1/16		1/16	1		0	72	750
589/4	0.25	50	50	1/16	1/16	3/4	1	1	1/16		1/16	1		5	59	751
589/4	0.25	50	50	1/16	1/16	3/4	1	1	1/16		1/16	1		5	71	751
295/2	0.5	50	50	1/8	1/8	3/4	2	1	1/8		1/8	1		4	52	759
295/2	0.5	50	50	1/8	1/8	3/4	2	1	1/8		1/8	1		1	55	759
295/2	0.5	50	50	1/8	1/8	3/4	1	1	1/8		1/8	1		-2	58	752
295/2	0.5	50	50	1/8	1/8	3/4	1	1	1/8		1/8	1		-2	70	752
595/4	0.25	50	50	7/16	7/16	3/4	1	1	1/16		1/16	1		1	79	753
149	0.5	50	50	1/2	1/2	3/4	2	1	1/8		1/8	1		-1	41	760
149	0.5	50	50	1/2	1/2	3/4	2	1	1/8		1/8	1		3	45	760
149	0.375	50	50	1/2	1/2	3/4	1	1	3/32		1/16	3/2		0	84	754
1195/8	0.125	50	50	19/32	19/32	3/4	1	1	1/32		1/32	1		3	81	755
299/2	0.5	50	50	5/8	5/8	3/4	2	1	1/8		1/8	1		1	43	761
299/2	0.5	50	50	5/8	5/8	3/4	2	1	1/8		1/8	1		0	48	761
299/2	0.375	50	50	5/8	5/8	3/4	1	1	3/32		1/16	3/2		-2	82	756
1199/8	0.125	50	50	23/32	23/32	3/4	1	1	1/32		1/32	1		4	76	757
150	0.5	51	51	0	0	3/4	2	1	1/8		1/8	1		3	45	772
150	0.5	51	51	0	0	3/4	2	1	1/8		1/8	1		0	48	772
150	0.375	51	51	0	0	3/4	1	1	3/32		1/16	3/2		-1	77	762
1203/8	0.125	51	51	3/32	3/32	3/4	1	1	1/32		1/32	1		0	72	763
301/2	0.5	51	51	1/8	1/8	3/4	2	1	1/8		1/8	1		-2	46	773
301/2	0.5	51	51	1/8	1/8	3/4	2	1	1/8		1/8	1		-1	53	773
301/2	0.375	51	51	1/8	1/8	3/4	1	1	3/32		1/16	3/2		2	74	764
1207/8	0.125	51	51	7/32	7/32	3/4	1	1	1/32		1/32	1		-1	65	765
151	0.5	51	51	1/4	1/4	3/4	2	1	1/8		1/8	1		0	48	774
151	0.5	51	51	1/4	1/4	3/4	2	1	1/8		1/8	1		3	57	774
151	0.5	51	51	1/4	1/4	3/4	1	1	1/8		1/8	1		-1	65	766
152	0.0	51	51	1/2	1/2	3/4	1	1	0	grace16	1/16	1		3	69	767
152	1.0	51	51	1/2	1/2	3/4	2	1	1/4		1/4	1		0	48	775
152	1.0	51	51	1/2	1/2	3/4	2	1	1/4		1/4	1		-2	58	775
152	1.0	51	51	1/2	1/2	3/4	1	2	1/4		1/4	1		4	64	771
152	0.5	51	51	1/2	1/2	3/4	1	1	1/8		1/8	1		1	67	768
305/2	0.25	51	51	5/8	5/8	3/4	1	1	1/16		1/16	1		-1	65	769
611/4	0.25	51	51	11/16	11/16	3/4	1	1	1/16		1/16	1		1	67	770
153	1.0	52	52	0	0	3/4	2	1	1/4		1/4	1		-1	53	780
153	1.0	52	52	0	0	3/4	2	1	1/4		1/4	1		-2	58	780
153	1.0	52	52	0	0	3/4	1	2	1/4		1/4	1		4	64	778
153	1.0	52	52	0	0	3/4	1	1	1/4		1/4	1		1	67	776
154	0.5	52	52	1/4	1/4	3/4	2	1	1/8		1/8	1		-1	53	781
154	0.5	52	52	1/4	1/4	3/4	2	1	1/8		1/8	1		3	57	781
154	0.5	52	52	1/4	1/4	3/4	1	1	1/8		1/8	1		-1	65	777
154	0.5	52	52	1/4	1/4	3/4	1	2	1/8		1/8	1		-1	65	779
309/2	0.125	52	52	3/8	3/8	3/4	2	1	1/32		1/32	1		-1	41	782
1237/8	0.375	52	52	13/32	13/32	3/4	2	1	3/32		1/16	3/2		-1	53	783
155	0.125	52	52	1/2	1/2	3/4	2	1	1/32		1/32	1		4	40	784
1241/8	0.375	52	52	17/32	17/32	3/4	2	1	3/32		1/16	3/2		4	52	785
311/2	0.125	52	52	5/8	5/8	3/4	2	1	1/32		1/32	1		2	38	786
1245/8	0.375	52	52	21/32	21/32	3/4	2	1	3/32		1/16	3/2		2	50	787
156	1.0	53	53	0	0	3/4	2	1	1/4		1/4	1		0	36	812
156	1.0	53	53	0	0	3/4	2	1	1/4		1/4	1		0	48	812
156	0.125	53	53	0	0	3/4	1	1	1/32		1/32	1		4	64	788
1249/8	0.125	53	53	1/32	1/32	3/4	1	1	1/32		1/32	1		1	67	789
625/4	0.125	53	53	1/16	1/16	3/4	1	1	1/32		1/32	1		-1	65	790
1251/8	0.125	53	53	3/32	3/32	3/4	1	1	1/32		1/32	1		4	64	791
313/2	0.125	53	53	1/8	1/8	3/4	1	1	1/32		1/32	1		-1	65	792
1253/8	0.125	53	53	5/32	5/32	3/4	1	1	1/32		1/32	1		1	67	793
627/4	0.125	53	53	3/16	3/16	3/4	1	1	1/32		1/32	1		3	69	794
1255/8	0.125	53	53	7/32	7/32	3/4	1	1	1/32		1/32	1		5	71	795
157	0.125	53	53	1/4	1/4	3/4	1	1	1/32		1/32	1		0	72	796
1257/8	0.125	53	53	9/32	9/32	3/4	1	1	1/32		1/32	1		2	74	797
629/4	0.125	53	53	5/16	5/16	3/4	1	1	1/32		1/32	1		0	72	798
1259/8	0.125	53	53	11/32	11/32	3/4	1	1	1/32		1/32	1		5	71	799
315/2	0.5	53	53	3/8	3/8	3/4	2	1	1/8		1/8	1		0	60	813
315/2	0.5	53	53	3/8	3/8	3/4	2	1	1/8		1/8	1		4	64	813
315/2	0.125	53	53	3/8	3/8	3/4	1	1	1/32		1/32	1		0	72	800
1261/8	0.125	53	53	13/32	13/32	3/4	1	1	1/32		1/32	1		2	74	801
631/4	0.125	53	53	7/16	7/16	3/4	1	1	1/32		1/32	1		4	76	802
1263/8	0.125	53	53	15/32	15/32	3/4	1	1	1/32		1/32	1		-1	77	803
158	0.5	53	53	1/2	1/2	3/4	2	1	1/8		1/8	1		0	60	814
158	0.5	53	53	1/2	1/2	3/4	2	1	1/8		1/8	1		4	64	814
158	0.125	53	53	1/2	1/2	3/4	1	1	1/32		1/32	1		1	79	804
1265/8	0.125	53	53	17/32	17/32	3/4	1	1	1/32		1/32	1		3	81	805
633/4	0.125	53	53	9/16	9/16	3/4	1	1	1/32		1/32	1		1	79	806
1267/8	0.125	53	53	19/32	19/32	3/4	1	1	1/32		1/32	1		6	78	807
317/2	0.5	53	53	5/8	5/8	3/4	2	1	1/8		1/8	1		0	60	815
317/2	0.5	53	53	5/8	5/8	3/4	2	1	1/8		1/8	1		4	64	815
317/2	0.125	53	53	5/8	5/8	3/4	1	1	1/32		1/32	1		1	79	808
1269/8	0.125	53	53	21/32	21/32	3/4	1	1	1/32		1/32	1		3	81	809
635/4	0.125	53	53	11/16	11/16	3/4	1	1	1/32		1/32	1		1	79	810
1271/8	0.125	53	53	23/32	23/32	3/4	1	1	1/32		1/32	1		3	81	811
159	0.75	54	54	0	0	3/4	1	1	3/16		1/8	3/2		0	72	816
319/2	0.5	54	54	1/8	1/8	3/4	2	1	1/8		1/8	1		2	62	823
319/2	0.5	54	54	1/8	1/8	3/4	2	1	1/8		1/8	1		-1	65	823
639/4	0.125	54	54	3/16	3/16	3/4	1	1	1/32		1/32	1		2	74	817
1279/8	0.125	54	54	7/32	7/32	3/4	1	1	1/32		1/32	1		0	72	818
160	0.5	54	54	1/4	1/4	3/4	2	1	1/8		1/8	1		2	62	824
160	0.5	54	54	1/4	1/4	3/4	2	1	1/8		1/8	1		-1	65	824
160	0.5	54	54	1/4	1/4	3/4	1	1	1/8		1/8	1		5	71	819
321/2	0.5	54	54	3/8	3/8	3/4	2	1	1/8		1/8	1		2	62	825
321/2	0.5	54	54	3/8	3/8	3/4	2	1	1/8		1/8	1		-1	65	825
161	0.5	54	54	1/2	1/2	3/4	2	1	1/8		1/8	1		2	62	826
161	0.5	54	54	1/2	1/2	3/4	2	1	1/8		1/8	1		-1	65	826
645/4	0.25	54	54	9/16	9/16	3/4	1	1	1/16		1/16	1		5	71	820
323/2	0.5	54	54	5/8	5/8	3/4	2	1	1/8		1/8	1		2	62	827
323/2	0.5	54	54	5/8	5/8	3/4	2	1	1/8		1/8	1		-1	65	827
323/2	0.25	54	54	5/8	5/8	3/4	1	1	1/16		1/16	1		2	74	821
647/4	0.25	54	54	11/16	11/16	3/4	1	1	1/16		1/16	1		-1	77	822
162	0.375	55	55	0	0	3/4	1	1	3/32		1/16	3/2		5	83	828
1299/8	0.125	55	55	3/32	3/32	3/4	1	1	1/32		1/32	1		-1	77	829
325/2	0.5	55	55	1/8	1/8	3/4	2	1	1/8		1/8	1		1	55	848
325/2	0.5	55	55	1/8	1/8	3/4	2	1	1/8		1/8	1		5	59	848
325/2	0.375	55	55	1/8	1/8	3/4	1	1	3/32		1/16	3/2		2	86	830
1303/8	0.125	55	55	7/32	7/32	3/4	1	1	1/32		1/32	1		5	83	831
163	0.5	55	55	1/4	1/4	3/4	2	1	1/8		1/8	1		1	55	849
163	0.5	55	55	1/4	1/4	3/4	2	1	1/8		1/8	1		5	59	849
163	0.125	55	55	1/4	1/4	3/4	1	1	1/32		1/32	1		-1	89	832
1305/8	0.125	55	55	9/32	9/32	3/4	1	1	1/32		1/32	1		4	88	833
653/4	0.125	55	55	5/16	5/16	3/4	1	1	1/32		1/32	1		2	86	834
1307/8	0.125	55	55	11/32	11/32	3/4	1	1	1/32		1/32	1		4	88	835
327/2	0.5	55	55	3/8	3/8	3/4	2	1	1/8		1/8	1		1	55	850
327/2	0.5	55	55	3/8	3/8	3/4	2	1	1/8		1/8	1		5	59	850
327/2	0.125	55	55	3/8	3/8	3/4	1	1	1/32		1/32	1		2	86	836
1309/8	0.125	55	55	13/32	13/32	3/4	1	1	1/32		1/32	1		0	84	837
655/4	0.125	55	55	7/16	7/16	3/4	1	1	1/32		1/32	1		5	83	838
1311/8	0.125	55	55	15/32	15/32	3/4	1	1	1/32		1/32	1		0	84	839
164	0.5	55	55	1/2	1/2	3/4	2	1	1/8		1/8	1		1	55	851
164	0.5	55	55	1/2	1/2	3/4	2	1	1/8		1/8	1		5	59	851
164	0.125	55	55	1/2	1/2	3/4	1	1	1/32		1/32	1		5	83	840
1313/8	0.125	55	55	17/32	17/32	3/4	1	1	1/32		1/32	1		0	84	841
657/4	0.125	55	55	9/16	9/16	3/4	1	1	1/32		1/32	1		2	86	842
1315/8	0.125	55	55	19/32	19/32	3/4	1	1	1/32		1/32	1		0	84	843
329/2	0.5	55	55	5/8	5/8	3/4	2	1	1/8		1/8	1		1	55	852
329/2	0.5	55	55	5/8	5/8	3/4	2	1	1/8		1/8	1		5	59	852
329/2	0.125	55	55	5/8	5/8	3/4	1	1	1/32		1/32	1		5	83	844
1317/8	0.125	55	55	21/32	21/32	3/4	1	1	1/32		1/32	1		3	81	845
659/4	0.125	55	55	11/16	11/16	3/4	1	1	1/32		1/32	1		1	79	846
1319/8	0.125	55	55	23/32	23/32	3/4	1	1	1/32		1/32	1		-1	77	847
165	0.25	56	56	0	0	3/4	1	1	1/16		1/16	1		9	75	853
661/4	0.25	56	56	1/16	1/16	3/4	1	1	1/16		1/16	1		4	76	854
331/2	0.5	56	56	1/8	1/8	3/4	2	1	1/8		1/8	1		0	48	866
331/2	0.5	56	56	1/8	1/8	3/4	2	1	1/8		1/8	1		0	60	866
331/2	0.25	56	56	1/8	1/8	3/4	1	1	1/16		1/16	1		-1	77	855
663/4	0.25	56	56	3/16	3/16	3/4	1	1	1/16		1/16	1		4	76	856
166	0.5	56	56	1/4	1/4	3/4	2	1	1/8		1/8	1		0	48	867
166	0.5	56	56	1/4	1/4	3/4	2	1	1/8		1/8	1		0	60	867
166	0.5	56	56	1/4	1/4	3/4	1	1	1/8		1/8	1		4	76	857
333/2	0.5	56	56	3/8	3/8	3/4	2	1	1/8		1/8	1		0	48	868
333/2	0.5	56	56	3/8	3/8	3/4	2	1	1/8		1/8	1		0	60	868
167	0.5	56	56	1/2	1/2	3/4	2	1	1/8		1/8	1		4	40	869
167	0.125	56	56	1/2	1/2	3/4	1	1	1/32		1/32	1		0	72	858
1337/8	0.125	56	56	17/32	17/32	3/4	1	1	1/32		1/32	1		2	74	859
669/4	0.125	56	56	9/16	9/16	3/4	1	1	1/32		1/32	1		4	76	860
1339/8	0.125	56	56	19/32	19/32	3/4	1	1	1/32		1/32	1		-1	77	861
335/2	0.5	56	56	5/8	5/8	3/4	2	1	1/8		1/8	1		4	52	870
335/2	0.125	56	56	5/8	5/8	3/4	1	1	1/32		1/32	1		1	79	862
1341/8	0.125	56	56	21/32	21/32	3/4	1	1	1/32		1/32	1		3	81	863
671/4	0.125	56	56	11/16	11/16	3/4	1	1	1/32		1/32	1		5	83	864
1343/8	0.125	56	56	23/32	23/32	3/4	1	1	1/32		1/32	1		0	84	865
168	0.5	57	57	0	0	3/4	2	1	1/8		1/8	1		-1	41	889
168	1.0	57	57	0	0	3/4	1	2	1/4		1/4	1	1	0	72	886
168	0.25	57	57	0	0	3/4	1	1	1/16		1/16	1		0	84	871
673/4	0.25	57	57	1/16	1/16	3/4	1	1	1/16		1/16	1		2	74	872
337/2	0.375	57	57	1/8	1/8	3/4	2	1	3/32		1/16	3/2		-1	53	890
337/2	0.5	57	57	1/8	1/8	3/4	1	1	1/8		1/8	1	1	2	74	873
1351/8	0.125	57	57	7/32	7/32	3/4	2	1	1/32		1/32	1		4	52	891
169	0.5	57	57	1/4	1/4	3/4	2	1	1/8		1/8	1		-1	53	892
169	1.0	57	57	1/4	1/4	3/4	1	2	1/4		1/4	1	-1	0	72	887
169	0.375	57	57	1/4	1/4	3/4	1	1	3/32		1/16	3/2	-1	2	74	874
1355/8	0.125	57	57	11/32	11/32	3/4	1	1	1/32		1/32	1		0	84	875
339/2	0.5	57	57	3/8	3/8	3/4	2	1	1/8		1/8	1		6	54	893
339/2	0.375	57	57	3/8	3/8	3/4	1	1	3/32		1/16	3/2		-3	75	876
1359/8	0.125	57	57	15/32	15/32	3/4	1	1	1/32		1/32	1		0	84	877
170	0.5	57	57	1/2	1/2	3/4	2	1	1/8		1/8	1		1	55	894
170	0.125	57	57	1/2	1/2	3/4	1	1	1/32		1/32	1		0	72	878
170	1.0	57	57	1/2	1/2	3/4	1	2	1/4		1/4	1		0	72	888
1361/8	0.125	57	57	17/32	17/32	3/4	1	1	1/32		1/32	1		2	74	879
681/4	0.125	57	57	9/16	9/16	3/4	1	1	1/32		1/32	1		4	76	880
1363/8	0.125	57	57	19/32	19/32	3/4	1	1	1/32		1/32	1		-1	77	881
341/2	0.5	57	57	5/8	5/8	3/4	2	1	1/8		1/8	1		1	43	895
341/2	0.125	57	57	5/8	5/8	3/4	1	1	1/32		1/32	1		1	79	882
1365/8	0.125	57	57	21/32	21/32	3/4	1	1	1/32		1/32	1		3	81	883
683/4	0.125	57	57	11/16	11/16	3/4	1	1	1/32		1/32	1		5	83	884
1367/8	0.125	57	57	23/32	23/32	3/4	1	1	1/32		1/32	1		0	84	885
171	0.5	58	58	0	0	3/4	2	1	1/8		1/8	1		3	45	913
171	2.0	58	58	0	0	3/4	1	2	1/2		1/2	1		0	72	911
171	0.25	58	58	0	0	3/4	1	1	1/16		1/16	1		0	84	896
685/4	0.25	58	58	1/16	1/16	3/4	1	1	1/16		1/16	1		-1	77	897
343/2	0.375	58	58	1/8	1/8	3/4	2	1	3/32		1/16	3/2		3	57	914
343/2	0.5	58	58	1/8	1/8	3/4	1	1	1/8		1/8	1	1	-1	77	898
1375/8	0.125	58	58	7/32	7/32	3/4	2	1	1/32		1/32	1		8	56	915
172	0.5	58	58	1/4	1/4	3/4	2	1	1/8		1/8	1		3	57	916
172	0.375	58	58	1/4	1/4	3/4	1	1	3/32		1/16	3/2	-1	-1	77	899
1379/8	0.125	58	58	11/32	11/32	3/4	1	1	1/32		1/32	1		0	84	900
345/2	0.5	58	58	3/8	3/8	3/4	2	1	1/8		1/8	1		3	45	917
345/2	0.375	58	58	3/8	3/8	3/4	1	1	3/32		1/16	3/2		6	78	901
1383/8	0.125	58	58	15/32	15/32	3/4	1	1	1/32		1/32	1		0	84	902
173	0.5	58	58	1/2	1/2	3/4	2	1	1/8		1/8	1		4	40	918
173	0.125	58	58	1/2	1/2	3/4	1	1	1/32		1/32	1		0	72	903
173	1.0	58	58	1/2	1/2	3/4	1	2	1/4		1/4	1		0	72	912
1385/8	0.125	58	58	17/32	17/32	3/4	1	1	1/32		1/32	1		2	74	904
693/4	0.125	58	58	9/16	9/16	3/4	1	1	1/32		1/32	1		4	76	905
1387/8	0.125	58	58	19/32	19/32	3/4	1	1	1/32		1/32	1		-1	77	906
347/2	0.5	58	58	5/8	5/8	3/4	2	1	1/8		1/8	1		4	52	919
347/2	0.125	58	58	5/8	5/8	3/4	1	1	1/32		1/32	1		1	79	907
1389/8	0.125	58	58	21/32	21/32	3/4	1	1	1/32		1/32	1		3	81	908
695/4	0.125	58	58	11/16	11/16	3/4	1	1	1/32		1/32	1		5	83	909
1391/8	0.125	58	58	23/32	23/32	3/4	1	1	1/32		1/32	1		0	84	910
174	0.5	59	59	0	0	3/4	2	2	1/8		1/8	1		-1	53	941
174	0.5	59	59	0	0	3/4	2	1	1/8		1/8	1		0	60	934
174	0.125	59	59	0	0	3/4	1	1	1/32		1/32	1		8	80	920
1393/8	0.125	59	59	1/32	1/32	3/4	1	1	1/32		1/32	1		3	81	921
697/4	0.125	59	59	1/16	1/16	3/4	1	1	1/32		1/32	1		5	83	922
1395/8	0.125	59	59	3/32	3/32	3/4	1	1	1/32		1/32	1		3	81	923
349/2	0.5	59	59	1/8	1/8	3/4	2	2	1/8		1/8	1		-1	53	942
349/2	0.25	59	59	1/8	1/8	3/4	2	1	1/16		1/16	1		7	61	935
349/2	0.125	59	59	1/8	1/8	3/4	1	1	1/32		1/32	1		1	79	924
1397/8	0.125	59	59	5/32	5/32	3/4	1	1	1/32		1/32	1		-1	77	925
699/4	0.25	59	59	3/16	3/16	3/4	2	1	1/16		1/16	1		2	62	936
699/4	0.125	59	59	3/16	3/16	3/4	1	1	1/32		1/32	1		4	76	926
1399/8	0.125	59	59	7/32	7/32	3/4	1	1	1/32		1/32	1		2	74	927
175	0.5	59	59	1/4	1/4	3/4	2	2	1/8		1/8	1		1	55	943
175	0.5	59	59	1/4	1/4	3/4	2	1	1/8		1/8	1		4	64	937
175	1.0	59	59	1/4	1/4	3/4	1	1	1/4		1/4	1		0	72	928
351/2	0.5	59	59	3/8	3/8	3/4	2	2	1/8		1/8	1		1	55	944
351/2	0.5	59	59	3/8	3/8	3/4	2	1	1/8		1/8	1		4	64	938
176	0.0	59	59	1/2	1/2	3/4	1	1	0	grace16	1/16	1		4	76	929
176	0.5	59	59	1/2	1/2	3/4	2	2	1/8		1/8	1		1	55	945
176	0.5	59	59	1/2	1/2	3/4	2	1	1/8		1/8	1		-1	65	939
176	0.75	59	59	1/2	1/2	3/4	1	2	3/16		1/8	3/2		5	71	932
176	0.75	59	59	1/2	1/2	3/4	1	1	3/16		1/8	3/2		2	74	930
353/2	0.5	59	59	5/8	5/8	3/4	2	2	1/8		1/8	1		1	55	946
353/2	0.5	59	59	5/8	5/8	3/4	2	1	1/8		1/8	1		-1	65	940
707/4	0.25	59	59	11/16	11/16	3/4	1	1	1/16		1/16	1		0	72	931
707/4	0.25	59	59	11/16	11/16	3/4	1	2	1/16		1/16	1		0	72	933
177	0.5	60	60	0	0	3/4	2	2	1/8		1/8	1		0	60	965
177	0.5	60	60	0	0	3/4	2	1	1/8		1/8	1		4	64	951
177	2.0	60	60	0	0	3/4	1	1	1/2		1/2	1		0	72	947
177	3.0	60	60	0	0	3/4	1	2	3/4		1/2	3/2		0	72	950
355/2	0.5	60	60	1/8	1/8	3/4	2	1	1/8		1/8	1		0	48	952
178	0.167	60	60	1/4	1/4	3/4	2	1	1/24		1/16	2/3		0	60	953
1069/6	0.167	60	60	7/24	7/24	3/4	2	1	1/24		1/16	2/3		2	62	954
535/3	0.167	60	60	1/3	1/3	3/4	2	1	1/24		1/16	2/3		0	60	955
357/2	0.167	60	60	3/8	3/8	3/4	2	1	1/24		1/16	2/3		-2	58	956
536/3	0.167	60	60	5/12	5/12	3/4	2	1	1/24		1/16	2/3		0	60	957
1073/6	0.167	60	60	11/24	11/24	3/4	2	1	1/24		1/16	2/3		-2	58	958
179	0.167	60	60	1/2	1/2	3/4	2	1	1/24		1/16	2/3		3	57	959
179	0.5	60	60	1/2	1/2	3/4	1	1	1/8		1/8	1		0	72	948
1075/6	0.167	60	60	13/24	13/24	3/4	2	1	1/24		1/16	2/3		-2	58	960
538/3	0.167	60	60	7/12	7/12	3/4	2	1	1/24		1/16	2/3		3	57	961
359/2	0.167	60	60	5/8	5/8	3/4	2	1	1/24		1/16	2/3		1	55	962
359/2	0.5	60	60	5/8	5/8	3/4	1	1	1/8		1/8	1		7	73	949
539/3	0.167	60	60	2/3	2/3	3/4	2	1	1/24		1/16	2/3		3	57	963
1079/6	0.167	60	60	17/24	17/24	3/4	2	1	1/24		1/16	2/3		1	55	964
180	0.167	61	61	0	0	3/4	2	1	1/24		1/16	2/3		6	54	976
180	1.0	61	61	0	0	3/4	1	2	1/4		1/4	1		0	72	974
180	1.0	61	61	0	0	3/4	1	1	1/4		1/4	1	1	2	74	966
1081/6	0.167	61	61	1/24	1/24	3/4	2	1	1/24		1/16	2/3		1	55	977
541/3	0.167	61	61	1/12	1/12	3/4	2	1	1/24		1/16	2/3		6	54	978
361/2	0.167	61	61	1/8	1/8	3/4	2	1	1/24		1/16	2/3		2	50	979
542/3	0.167	61	61	1/6	1/6	3/4	2	1	1/24		1/16	2/3		4	52	980
1085/6	0.167	61	61	5/24	5/24	3/4	2	1	1/24		1/16	2/3		2	50	981
181	0.167	61	61	1/4	1/4	3/4	2	1	1/24		1/16	2/3		-2	58	982
181	2.0	61	61	1/4	1/4	3/4	1	2	1/2		1/2	1		-2	70	975
181	0.75	61	61	1/4	1/4	3/4	1	1	3/16		1/8	3/2	-1	2	74	967
1087/6	0.167	61	61	7/24	7/24	3/4	2	1	1/24		1/16	2/3		0	60	983
544/3	0.167	61	61	1/3	1/3	3/4	2	1	1/24		1/16	2/3		-2	58	984
363/2	0.167	61	61	3/8	3/8	3/4	2	1	1/24		1/16	2/3		3	57	985
545/3	0.167	61	61	5/12	5/12	3/4	2	1	1/24		1/16	2/3		-2	58	986
727/4	0.125	61	61	7/16	7/16	3/4	1	1	1/32		1/32	1		4	76	968
1091/6	0.167	61	61	11/24	11/24	3/4	2	1	1/24		1/16	2/3		3	57	987
1455/8	0.125	61	61	15/32	15/32	3/4	1	1	1/32		1/32	1		6	78	969
182	0.167	61	61	1/2	1/2	3/4	2	1	1/24		1/16	2/3		1	55	988
182	0.25	61	61	1/2	1/2	3/4	1	1	1/16		1/16	1		1	79	970
1093/6	0.167	61	61	13/24	13/24	3/4	2	1	1/24		1/16	2/3		3	57	989
729/4	0.25	61	61	9/16	9/16	3/4	1	1	1/16		1/16	1		3	81	971
547/3	0.167	61	61	7/12	7/12	3/4	2	1	1/24		1/16	2/3		1	55	990
365/2	0.167	61	61	5/8	5/8	3/4	2	1	1/24		1/16	2/3		-1	53	991
365/2	0.25	61	61	5/8	5/8	3/4	1	1	1/16		1/16	1		-2	82	972
548/3	0.167	61	61	2/3	2/3	3/4	2	1	1/24		1/16	2/3		1	55	992
731/4	0.25	61	61	11/16	11/16	3/4	1	1	1/16		1/16	1		2	74	973
1097/6	0.167	61	61	17/24	17/24	3/4	2	1	1/24		1/16	2/3		-1	53	993
183	0.167	62	62	0	0	3/4	2	1	1/24		1/16	2/3		4	52	1006
183	1.0	62	62	0	0	3/4	1	2	1/4		1/4	1		-2	70	1004
183	0.25	62	62	0	0	3/4	1	1	1/16		1/16	1		2	74	994
1099/6	0.167	62	62	1/24	1/24	3/4	2	1	1/24		1/16	2/3		-1	53	1007
733/4	0.25	62	62	1/16	1/16	3/4	1	1	1/16		1/16	1		0	72	995
550/3	0.167	62	62	1/12	1/12	3/4	2	1	1/24		1/16	2/3		4	52	1008
367/2	0.167	62	62	1/8	1/8	3/4	2	1	1/24		1/16	2/3		0	48	1009
367/2	0.5	62	62	1/8	1/8	3/4	1	1	1/8		1/8	1		0	72	996
551/3	0.167	62	62	1/6	1/6	3/4	2	1	1/24		1/16	2/3		2	50	1010
1103/6	0.167	62	62	5/24	5/24	3/4	2	1	1/24		1/16	2/3		0	48	1011
184	0.167	62	62	1/4	1/4	3/4	2	1	1/24		1/16	2/3		3	57	1012
184	2.0	62	62	1/4	1/4	3/4	1	2	1/2		1/2	1	1	3	69	1005
184	0.75	62	62	1/4	1/4	3/4	1	1	3/16		1/8	3/2		0	72	997
1105/6	0.167	62	62	7/24	7/24	3/4	2	1	1/24		1/16	2/3		-2	58	1013
553/3	0.167	62	62	1/3	1/3	3/4	2	1	1/24		1/16	2/3		3	57	1014
369/2	0.167	62	62	3/8	3/8	3/4	2	1	1/24		1/16	2/3		1	55	1015
554/3	0.167	62	62	5/12	5/12	3/4	2	1	1/24		1/16	2/3		3	57	1016
739/4	0.125	62	62	7/16	7/16	3/4	1	1	1/32		1/32	1		2	74	998
1109/6	0.167	62	62	11/24	11/24	3/4	2	1	1/24		1/16	2/3		1	55	1017
1479/8	0.125	62	62	15/32	15/32	3/4	1	1	1/32		1/32	1		4	76	999
185	0.167	62	62	1/2	1/2	3/4	2	1	1/24		1/16	2/3		-1	53	1018
185	0.25	62	62	1/2	1/2	3/4	1	1	1/16		1/16	1		-1	77	1000
1111/6	0.167	62	62	13/24	13/24	3/4	2	1	1/24		1/16	2/3		1	55	1019
741/4	0.25	62	62	9/16	9/16	3/4	1	1	1/16		1/16	1		1	79	1001
556/3	0.167	62	62	7/12	7/12	3/4	2	1	1/24		1/16	2/3		-1	53	1020
371/2	0.167	62	62	5/8	5/8	3/4	2	1	1/24		1/16	2/3		4	52	1021
371/2	0.25	62	62	5/8	5/8	3/4	1	1	1/16		1/16	1		3	81	1002
557/3	0.167	62	62	2/3	2/3	3/4	2	1	1/24		1/16	2/3		-1	53	1022
743/4	0.25	62	62	11/16	11/16	3/4	1	1	1/16		1/16	1		0	72	1003
1115/6	0.167	62	62	17/24	17/24	3/4	2	1	1/24		1/16	2/3		4	52	1023
186	1.0	63	63	0	0	3/4	2	1	1/4		1/4	1		2	50	1040
186	0.5	63	63	0	0	3/4	1	2	1/8		1/8	1	-1	3	69	1032
186	1.0	63	63	0	0	3/4	1	1	1/4		1/4	1	1	-2	70	1024
373/2	0.375	63	63	1/8	1/8	3/4	1	2	3/32		1/16	3/2		1	67	1033
1495/8	0.125	63	63	7/32	7/32	3/4	1	2	1/32		1/32	1		6	66	1034
187	0.5	63	63	1/4	1/4	3/4	2	1	1/8		1/8	1		4	52	1041
187	1.0	63	63	1/4	1/4	3/4	1	2	1/4		1/4	1		1	67	1035
187	0.5	63	63	1/4	1/4	3/4	1	1	1/8		1/8	1	-1	-2	70	1025
375/2	0.5	63	63	3/8	3/8	3/4	2	1	1/8		1/8	1		0	48	1042
375/2	0.25	63	63	3/8	3/8	3/4	1	1	1/16		1/16	1		2	74	1026
751/4	0.25	63	63	7/16	7/16	3/4	1	1	1/16		1/16	1		0	72	1027
188	0.5	63	63	1/2	1/2	3/4	2	1	1/8		1/8	1		2	50	1043
188	0.25	63	63	1/2	1/2	3/4	1	2	1/16		1/16	1		1	67	1036
188	0.25	63	63	1/2	1/2	3/4	1	1	1/16		1/16	1		-2	70	1028
753/4	0.25	63	63	9/16	9/16	3/4	1	2	1/16		1/16	1		-1	65	1037
753/4	0.25	63	63	9/16	9/16	3/4	1	1	1/16		1/16	1		3	69	1029
377/2	0.5	63	63	5/8	5/8	3/4	2	1	1/8		1/8	1		-2	46	1044
377/2	0.25	63	63	5/8	5/8	3/4	1	2	1/16		1/16	1		3	69	1038
377/2	0.25	63	63	5/8	5/8	3/4	1	1	1/16		1/16	1		0	72	1030
755/4	0.25	63	63	11/16	11/16	3/4	1	2	1/16		1/16	1		1	67	1039
755/4	0.25	63	63	11/16	11/16	3/4	1	1	1/16		1/16	1		-2	70	1031
189	0.5	64	64	0	0	3/4	2	1	1/8		1/8	1		0	48	1053
189	1.0	64	64	0	0	3/4	1	2	1/4		1/4	1		-1	65	1051
189	0.5	64	64	0	0	3/4	1	1	1/8		1/8	1		3	69	1045
379/2	0.5	64	64	1/8	1/8	3/4	2	1	1/8		1/8	1	1	0	60	1054
379/2	0.125	64	64	1/8	1/8	3/4	1	1	1/32		1/32	1		1	67	1046
1517/8	0.125	64	64	5/32	5/32	3/4	1	1	1/32		1/32	1		3	69	1047
759/4	0.125	64	64	3/16	3/16	3/4	1	1	1/32		1/32	1		-2	70	1048
1519/8	0.125	64	64	7/32	7/32	3/4	1	1	1/32		1/32	1		3	69	1049
190	0.375	64	64	1/4	1/4	3/4	2	1	3/32		1/16	3/2	-1	0	60	1055
190	0.5	64	64	1/4	1/4	3/4	1	2	1/8		1/8	1		4	64	1052
190	0.5	64	64	1/4	1/4	3/4	1	1	1/8		1/8	1		1	67	1050
1523/8	0.125	64	64	11/32	11/32	3/4	2	1	1/32		1/32	1		0	48	1056
381/2	0.167	64	64	3/8	3/8	3/4	2	1	1/24		1/16	2/3		3	57	1057
572/3	0.167	64	64	5/12	5/12	3/4	2	1	1/24		1/16	2/3		-2	58	1058
1145/6	0.167	64	64	11/24	11/24	3/4	2	1	1/24		1/16	2/3		-2	46	1059
191	0.167	64	64	1/2	1/2	3/4	2	1	1/24		1/16	2/3		8	56	1060
1147/6	0.167	64	64	13/24	13/24	3/4	2	1	1/24		1/16	2/3		3	57	1061
574/3	0.167	64	64	7/12	7/12	3/4	2	1	1/24		1/16	2/3		3	45	1062
383/2	0.167	64	64	5/8	5/8	3/4	2	1	1/24		1/16	2/3		6	54	1063
575/3	0.167	64	64	2/3	2/3	3/4	2	1	1/24		1/16	2/3		1	55	1064
1151/6	0.167	64	64	17/24	17/24	3/4	2	1	1/24		1/16	2/3		1	43	1065
192	0.5	65	65	0	0	3/4	2	1	1/8		1/8	1		-1	41	1080
192	0.125	65	65	0	0	3/4	1	1	1/32		1/32	1		-2	70	1066
1537/8	0.125	65	65	1/32	1/32	3/4	1	1	1/32		1/32	1		3	69	1067
769/4	0.125	65	65	1/16	1/16	3/4	1	1	1/32		1/32	1		8	68	1068
1539/8	0.125	65	65	3/32	3/32	3/4	1	1	1/32		1/32	1		3	69	1069
385/2	0.125	65	65	1/8	1/8	3/4	1	1	1/32		1/32	1		0	72	1070
1541/8	0.125	65	65	5/32	5/32	3/4	1	1	1/32		1/32	1		-2	70	1071
771/4	0.125	65	65	3/16	3/16	3/4	1	1	1/32		1/32	1		3	69	1072
1543/8	0.125	65	65	7/32	7/32	3/4	1	1	1/32		1/32	1		-2	70	1073
193	1.0	65	65	1/4	1/4	3/4	2	2	1/4		1/4	1	1	-1	53	1087
193	0.5	65	65	1/4	1/4	3/4	2	1	1/8		1/8	1	1	3	57	1081
193	0.5	65	65	1/4	1/4	3/4	1	1	1/8		1/8	1	1	0	72	1074
387/2	0.125	65	65	3/8	3/8	3/4	2	1	1/32		1/32	1	-1	3	57	1082
387/2	0.125	65	65	3/8	3/8	3/4	1	1	1/32		1/32	1	-1	0	72	1075
1549/8	0.125	65	65	13/32	13/32	3/4	2	1	1/32		1/32	1		0	60	1083
1549/8	0.125	65	65	13/32	13/32	3/4	1	1	1/32		1/32	1		3	69	1076
775/4	0.125	65	65	7/16	7/16	3/4	2	1	1/32		1/32	1		3	57	1084
775/4	0.125	65	65	7/16	7/16	3/4	1	1	1/32		1/32	1		0	72	1077
1551/8	0.125	65	65	15/32	15/32	3/4	2	1	1/32		1/32	1		0	60	1085
1551/8	0.125	65	65	15/32	15/32	3/4	1	1	1/32		1/32	1		3	69	1078
194	0.5	65	65	1/2	1/2	3/4	2	2	1/8		1/8	1	-1	-1	53	1088
194	0.5	65	65	1/2	1/2	3/4	2	1	1/8		1/8	1		3	57	1086
194	0.5	65	65	1/2	1/2	3/4	1	1	1/8		1/8	1		-1	65	1079
195	0.125	66	66	0	0	3/4	1	1	1/32		1/32	1		4	76	1089
1561/8	0.125	66	66	1/32	1/32	3/4	1	1	1/32		1/32	1		2	74	1090
781/4	0.125	66	66	1/16	1/16	3/4	1	1	1/32		1/32	1		7	73	1091
1563/8	0.125	66	66	3/32	3/32	3/4	1	1	1/32		1/32	1		2	74	1092
391/2	0.125	66	66	1/8	1/8	3/4	1	1	1/32		1/32	1		-1	77	1093
1565/8	0.125	66	66	5/32	5/32	3/4	1	1	1/32		1/32	1		4	76	1094
783/4	0.125	66	66	3/16	3/16	3/4	1	1	1/32		1/32	1		2	74	1095
1567/8	0.125	66	66	7/32	7/32	3/4	1	1	1/32		1/32	1		4	76	1096
196	1.0	66	66	1/4	1/4	3/4	2	2	1/4		1/4	1	1	3	57	1109
196	0.5	66	66	1/4	1/4	3/4	2	1	1/8		1/8	1	1	0	60	1103
196	0.5	66	66	1/4	1/4	3/4	1	1	1/8		1/8	1	1	-1	77	1097
393/2	0.125	66	66	3/8	3/8	3/4	2	1	1/32		1/32	1	-1	0	60	1104
393/2	0.125	66	66	3/8	3/8	3/4	1	1	1/32		1/32	1	-1	-1	77	1098
1573/8	0.125	66	66	13/32	13/32	3/4	2	1	1/32		1/32	1		-1	65	1105
1573/8	0.125	66	66	13/32	13/32	3/4	1	1	1/32		1/32	1		0	72	1099
787/4	0.125	66	66	7/16	7/16	3/4	2	1	1/32		1/32	1		0	60	1106
787/4	0.125	66	66	7/16	7/16	3/4	1	1	1/32		1/32	1		-1	77	1100
1575/8	0.125	66	66	15/32	15/32	3/4	2	1	1/32		1/32	1		-1	65	1107
1575/8	0.125	66	66	15/32	15/32	3/4	1	1	1/32		1/32	1		0	72	1101
197	0.5	66	66	1/2	1/2	3/4	2	2	1/8		1/8	1	-1	3	57	1110
197	0.5	66	66	1/2	1/2	3/4	2	1	1/8		1/8	1		0	60	1108
197	0.5	66	66	1/2	1/2	3/4	1	1	1/8		1/8	1		3	69	1102
198	0.125	67	67	0	0	3/4	1	1	1/32		1/32	1		1	79	1111
1585/8	0.125	67	67	1/32	1/32	3/4	1	1	1/32		1/32	1		-1	77	1112
793/4	0.125	67	67	1/16	1/16	3/4	1	1	1/32		1/32	1		4	76	1113
1587/8	0.125	67	67	3/32	3/32	3/4	1	1	1/32		1/32	1		-1	77	1114
397/2	0.125	67	67	1/8	1/8	3/4	1	1	1/32		1/32	1		3	81	1115
1589/8	0.125	67	67	5/32	5/32	3/4	1	1	1/32		1/32	1		1	79	1116
795/4	0.125	67	67	3/16	3/16	3/4	1	1	1/32		1/32	1		6	78	1117
1591/8	0.125	67	67	7/32	7/32	3/4	1	1	1/32		1/32	1		1	79	1118
199	1.0	67	67	1/4	1/4	3/4	2	2	1/4		1/4	1		-1	53	1138
199	1.0	67	67	1/4	1/4	3/4	2	1	1/4		1/4	1	1	0	60	1135
199	0.125	67	67	1/4	1/4	3/4	1	1	1/32		1/32	1		3	81	1119
1593/8	0.125	67	67	9/32	9/32	3/4	1	1	1/32		1/32	1		-2	82	1120
797/4	0.125	67	67	5/16	5/16	3/4	1	1	1/32		1/32	1		0	84	1121
1595/8	0.125	67	67	11/32	11/32	3/4	1	1	1/32		1/32	1		-2	82	1122
399/2	0.125	67	67	3/8	3/8	3/4	1	1	1/32		1/32	1		3	81	1123
1597/8	0.125	67	67	13/32	13/32	3/4	1	1	1/32		1/32	1		1	79	1124
799/4	0.125	67	67	7/16	7/16	3/4	1	1	1/32		1/32	1		-1	77	1125
1599/8	0.125	67	67	15/32	15/32	3/4	1	1	1/32		1/32	1		4	76	1126
200	1.0	67	67	1/2	1/2	3/4	2	2	1/4		1/4	1		3	57	1139
200	0.5	67	67	1/2	1/2	3/4	2	1	1/8		1/8	1	-1	0	60	1136
200	0.125	67	67	1/2	1/2	3/4	1	1	1/32		1/32	1		-1	77	1127
1601/8	0.125	67	67	17/32	17/32	3/4	1	1	1/32		1/32	1		1	79	1128
801/4	0.125	67	67	9/16	9/16	3/4	1	1	1/32		1/32	1		3	81	1129
1603/8	0.125	67	67	19/32	19/32	3/4	1	1	1/32		1/32	1		4	76	1130
401/2	0.5	67	67	5/8	5/8	3/4	2	1	1/8		1/8	1		-1	65	1137
401/2	0.125	67	67	5/8	5/8	3/4	1	1	1/32		1/32	1		-1	77	1131
1605/8	0.125	67	67	21/32	21/32	3/4	1	1	1/32		1/32	1		0	72	1132
803/4	0.125	67	67	11/16	11/16	3/4	1	1	1/32		1/32	1		2	74	1133
1607/8	0.125	67	67	23/32	23/32	3/4	1	1	1/32		1/32	1		3	69	1134
201	0.5	68	68	0	0	3/4	2	2	1/8		1/8	1		1	55	1156
201	0.5	68	68	0	0	3/4	2	1	1/8		1/8	1		2	62	1149
201	0.125	68	68	0	0	3/4	1	1	1/32		1/32	1		0	72	1140
1609/8	0.125	68	68	1/32	1/32	3/4	1	1	1/32		1/32	1		5	71	1141
805/4	0.125	68	68	1/16	1/16	3/4	1	1	1/32		1/32	1		3	69	1142
1611/8	0.125	68	68	3/32	3/32	3/4	1	1	1/32		1/32	1		5	71	1143
403/2	0.5	68	68	1/8	1/8	3/4	2	2	1/8		1/8	1		0	60	1157
403/2	0.5	68	68	1/8	1/8	3/4	2	1	1/8		1/8	1		4	64	1150
403/2	0.125	68	68	1/8	1/8	3/4	1	1	1/32		1/32	1		0	72	1144
1613/8	0.125	68	68	5/32	5/32	3/4	1	1	1/32		1/32	1		-2	70	1145
807/4	0.125	68	68	3/16	3/16	3/4	1	1	1/32		1/32	1		3	69	1146
1615/8	0.125	68	68	7/32	7/32	3/4	1	1	1/32		1/32	1		-2	70	1147
202	0.5	68	68	1/4	1/4	3/4	2	2	1/8		1/8	1		-1	53	1158
202	0.5	68	68	1/4	1/4	3/4	2	1	1/8		1/8	1		-1	65	1151
202	0.5	68	68	1/4	1/4	3/4	1	1	1/8		1/8	1		3	69	1148
203	0.25	68	68	1/2	1/2	3/4	2	1	1/16		1/16	1		3	45	1152
203	0.25	68	68	1/2	1/2	3/4	2	1	1/16		1/16	1		3	57	1152
813/4	0.25	68	68	9/16	9/16	3/4	2	1	1/16		1/16	1		-2	46	1153
813/4	0.25	68	68	9/16	9/16	3/4	2	1	1/16		1/16	1		-2	58	1153
407/2	0.25	68	68	5/8	5/8	3/4	2	1	1/16		1/16	1		5	47	1154
407/2	0.25	68	68	5/8	5/8	3/4	2	1	1/16		1/16	1		5	59	1154
815/4	0.25	68	68	11/16	11/16	3/4	2	1	1/16		1/16	1		0	48	1155
815/4	0.25	68	68	11/16	11/16	3/4	2	1	1/16		1/16	1		0	60	1155
204	0.75	69	69	0	0	3/4	2	1	3/16		1/8	3/2		-1	41	1171
204	0.75	69	69	0	0	3/4	2	1	3/16		1/8	3/2		-1	53	1171
204	0.25	69	69	0	0	3/4	1	1	1/16		1/16	1		3	69	1159
204	0.25	69	69	0	0	3/4	1	1	1/16		1/16	1		0	72	1159
817/4	0.25	69	69	1/16	1/16	3/4	1	1	1/16		1/16	1		3	69	1160
817/4	0.25	69	69	1/16	1/16	3/4	1	1	1/16		1/16	1		0	72	1160
409/2	0.25	69	69	1/8	1/8	3/4	1	1	1/16		1/16	1		3	69	1161
409/2	0.25	69	69	1/8	1/8	3/4	1	1	1/16		1/16	1		0	72	1161
819/4	0.125	69	69	3/16	3/16	3/4	2	1	1/32		1/32	1		1	55	1172
819/4	0.25	69	69	3/16	3/16	3/4	1	1	1/16		1/16	1		3	69	1162
819/4	0.25	69	69	3/16	3/16	3/4	1	1	1/16		1/16	1		0	72	1162
1639/8	0.125	69	69	7/32	7/32	3/4	2	1	1/32		1/32	1		-1	53	1173
205	0.5	69	69	1/4	1/4	3/4	2	1	1/8		1/8	1		4	40	1174
205	0.5	69	69	1/4	1/4	3/4	2	1	1/8		1/8	1		4	52	1174
205	0.25	69	69	1/4	1/4	3/4	1	1	1/16		1/16	1		-2	70	1163
205	0.25	69	69	1/4	1/4	3/4	1	1	1/16		1/16	1		0	72	1163
821/4	0.25	69	69	5/16	5/16	3/4	1	1	1/16		1/16	1		-2	70	1164
821/4	0.25	69	69	5/16	5/16	3/4	1	1	1/16		1/16	1		0	72	1164
411/2	0.25	69	69	3/8	3/8	3/4	1	1	1/16		1/16	1		-2	70	1165
411/2	0.25	69	69	3/8	3/8	3/4	1	1	1/16		1/16	1		0	72	1165
823/4	0.25	69	69	7/16	7/16	3/4	2	1	1/16		1/16	1		4	52	1175
823/4	0.25	69	69	7/16	7/16	3/4	2	1	1/16		1/16	1		4	64	1175
823/4	0.25	69	69	7/16	7/16	3/4	1	1	1/16		1/16	1		-2	70	1166
823/4	0.25	69	69	7/16	7/16	3/4	1	1	1/16		1/16	1		0	72	1166
206	0.25	69	69	1/2	1/2	3/4	2	1	1/16		1/16	1		1	55	1176
206	0.25	69	69	1/2	1/2	3/4	2	1	1/16		1/16	1		1	67	1176
206	0.25	69	69	1/2	1/2	3/4	1	1	1/16		1/16	1		-2	70	1167
206	0.25	69	69	1/2	1/2	3/4	1	1	1/16		1/16	1		0	72	1167
825/4	0.25	69	69	9/16	9/16	3/4	2	1	1/16		1/16	1		-1	53	1177
825/4	0.25	69	69	9/16	9/16	3/4	2	1	1/16		1/16	1		-1	65	1177
825/4	0.25	69	69	9/16	9/16	3/4	1	1	1/16		1/16	1		3	69	1168
825/4	0.25	69	69	9/16	9/16	3/4	1	1	1/16		1/16	1		0	72	1168
413/2	0.25	69	69	5/8	5/8	3/4	2	1	1/16		1/16	1		4	52	1178
413/2	0.25	69	69	5/8	5/8	3/4	2	1	1/16		1/16	1		4	64	1178
413/2	0.25	69	69	5/8	5/8	3/4	1	1	1/16		1/16	1		1	67	1169
413/2	0.25	69	69	5/8	5/8	3/4	1	1	1/16		1/16	1		0	72	1169
827/4	0.25	69	69	11/16	11/16	3/4	2	1	1/16		1/16	1		2	50	1179
827/4	0.25	69	69	11/16	11/16	3/4	2	1	1/16		1/16	1		2	62	1179
827/4	0.25	69	69	11/16	11/16	3/4	1	1	1/16		1/16	1		-1	65	1170
827/4	0.25	69	69	11/16	11/16	3/4	1	1	1/16		1/16	1		0	72	1170
207	0.25	70	70	0	0	3/4	2	1	1/16		1/16	1		0	48	1185
207	0.25	70	70	0	0	3/4	2	1	1/16		1/16	1		0	60	1185
207	0.25	70	70	0	0	3/4	1	1	1/16		1/16	1		4	64	1180
207	0.25	70	70	0	0	3/4	1	1	1/16		1/16	1		0	72	1180
829/4	0.25	70	70	1/16	1/16	3/4	2	1	1/16		1/16	1		5	47	1186
829/4	0.25	70	70	1/16	1/16	3/4	2	1	1/16		1/16	1		5	59	1186
829/4	0.25	70	70	1/16	1/16	3/4	1	1	1/16		1/16	1		-1	65	1181
829/4	0.25	70	70	1/16	1/16	3/4	1	1	1/16		1/16	1		2	74	1181
415/2	0.5	70	70	1/8	1/8	3/4	2	1	1/8		1/8	1		-2	46	1187
415/2	0.5	70	70	1/8	1/8	3/4	2	1	1/8		1/8	1		-2	58	1187
415/2	0.5	70	70	1/8	1/8	3/4	1	1	1/8		1/8	1		1	67	1182
415/2	0.5	70	70	1/8	1/8	3/4	1	1	1/8		1/8	1		4	76	1182
417/2	0.5	70	70	3/8	3/8	3/4	2	1	1/8		1/8	1		3	45	1188
417/2	0.5	70	70	3/8	3/8	3/4	2	1	1/8		1/8	1		3	57	1188
417/2	0.5	70	70	3/8	3/8	3/4	1	1	1/8		1/8	1		3	69	1183
417/2	0.5	70	70	3/8	3/8	3/4	1	1	1/8		1/8	1		-1	77	1183
419/2	0.5	70	70	5/8	5/8	3/4	2	1	1/8		1/8	1		5	47	1189
419/2	0.5	70	70	5/8	5/8	3/4	2	1	1/8		1/8	1		-4	56	1189
419/2	0.5	70	70	5/8	5/8	3/4	1	1	1/8		1/8	1		-1	65	1184
419/2	0.5	70	70	5/8	5/8	3/4	1	1	1/8		1/8	1		2	74	1184
421/2	0.5	71	71	1/8	1/8	3/4	2	1	1/8		1/8	1		0	48	1200
421/2	0.5	71	71	1/8	1/8	3/4	2	1	1/8		1/8	1		3	57	1200
421/2	0.5	71	71	1/8	1/8	3/4	1	1	1/8		1/8	1		-1	65	1190
421/2	0.5	71	71	1/8	1/8	3/4	1	1	1/8		1/8	1		0	72	1190
423/2	0.5	71	71	3/8	3/8	3/4	2	1	1/8		1/8	1		0	48	1201
423/2	0.5	71	71	3/8	3/8	3/4	2	1	1/8		1/8	1		3	57	1201
423/2	0.5	71	71	3/8	3/8	3/4	1	1	1/8		1/8	1		0	60	1191
423/2	0.5	71	71	3/8	3/8	3/4	1	1	1/8		1/8	1		-1	65	1191
212	0.0	71	71	1/2	1/2	3/4	1	1	0	grace16	1/16	1		3	69	1192
212	0.0	71	71	1/2	1/2	3/4	1	2	0	grace16	1/16	1		-1	65	1196
212	0.5	71	71	1/2	1/2	3/4	2	1	1/8		1/8	1		0	48	1202
212	0.5	71	71	1/2	1/2	3/4	2	1	1/8		1/8	1		-2	58	1202
212	0.5	71	71	1/2	1/2	3/4	1	2	1/8		1/8	1		4	64	1197
212	0.5	71	71	1/2	1/2	3/4	1	1	1/8		1/8	1		1	67	1193
425/2	0.5	71	71	5/8	5/8	3/4	2	1	1/8		1/8	1		0	48	1203
425/2	0.5	71	71	5/8	5/8	3/4	2	1	1/8		1/8	1		-2	58	1203
425/2	0.25	71	71	5/8	5/8	3/4	1	2	1/16		1/16	1		2	62	1198
425/2	0.25	71	71	5/8	5/8	3/4	1	1	1/16		1/16	1		-1	65	1194
851/4	0.25	71	71	11/16	11/16	3/4	1	2	1/16		1/16	1		4	64	1199
851/4	0.25	71	71	11/16	11/16	3/4	1	1	1/16		1/16	1		1	67	1195
213	1.0	72	72	0	0	3/4	2	1	1/4		1/4	1		-1	53	1217
213	1.0	72	72	0	0	3/4	2	1	1/4		1/4	1		-2	58	1217
213	1.0	72	72	0	0	3/4	1	2	1/4		1/4	1		4	64	1215
213	0.5	72	72	0	0	3/4	1	1	1/8		1/8	1		1	67	1204
427/2	0.5	72	72	1/8	1/8	3/4	1	1	1/8		1/8	1		8	68	1205
214	0.5	72	72	1/4	1/4	3/4	2	1	1/8		1/8	1		-1	53	1218
214	0.5	72	72	1/4	1/4	3/4	2	1	1/8		1/8	1		3	57	1218
214	0.5	72	72	1/4	1/4	3/4	1	2	1/8		1/8	1		-1	65	1216
214	0.5	72	72	1/4	1/4	3/4	1	1	1/8		1/8	1		3	69	1206
215	0.125	72	72	1/2	1/2	3/4	1	1	1/32		1/32	1		3	69	1207
1721/8	0.125	72	72	17/32	17/32	3/4	1	1	1/32		1/32	1		3	81	1208
861/4	0.125	72	72	9/16	9/16	3/4	1	1	1/32		1/32	1		-2	70	1209
1723/8	0.125	72	72	19/32	19/32	3/4	1	1	1/32		1/32	1		-2	82	1210
431/2	0.125	72	72	5/8	5/8	3/4	1	1	1/32		1/32	1		5	71	1211
1725/8	0.125	72	72	21/32	21/32	3/4	1	1	1/32		1/32	1		5	83	1212
863/4	0.125	72	72	11/16	11/16	3/4	1	1	1/32		1/32	1		0	72	1213
1727/8	0.125	72	72	23/32	23/32	3/4	1	1	1/32		1/32	1		0	84	1214
216	0.0	73	73	0	0	3/4	1	1	0	grace32	1/32	1		-1	65	1219
216	1.0	73	73	0	0	3/4	2	2	1/4		1/4	1	1	0	48	1238
216	0.75	73	73	0	0	3/4	2	1	3/16		1/8	3/2		3	57	1234
216	0.75	73	73	0	0	3/4	1	1	3/16		1/8	3/2		-1	77	1220
867/4	0.125	73	73	3/16	3/16	3/4	2	1	1/32		1/32	1		-2	58	1235
867/4	0.125	73	73	3/16	3/16	3/4	1	1	1/32		1/32	1		1	79	1221
1735/8	0.125	73	73	7/32	7/32	3/4	2	1	1/32		1/32	1		3	57	1236
1735/8	0.125	73	73	7/32	7/32	3/4	1	1	1/32		1/32	1		-1	77	1222
217	0.5	73	73	1/4	1/4	3/4	2	2	1/8		1/8	1	-1	0	48	1239
217	0.5	73	73	1/4	1/4	3/4	2	1	1/8		1/8	1		1	55	1237
217	0.5	73	73	1/4	1/4	3/4	1	1	1/8		1/8	1		4	76	1223
871/4	0.125	73	73	7/16	7/16	3/4	1	1	1/32		1/32	1		4	76	1224
1743/8	0.125	73	73	15/32	15/32	3/4	1	1	1/32		1/32	1		4	88	1225
218	0.125	73	73	1/2	1/2	3/4	1	1	1/32		1/32	1		-1	77	1226
1745/8	0.125	73	73	17/32	17/32	3/4	1	1	1/32		1/32	1		-1	89	1227
873/4	0.125	73	73	9/16	9/16	3/4	1	1	1/32		1/32	1		4	76	1228
1747/8	0.125	73	73	19/32	19/32	3/4	1	1	1/32		1/32	1		4	88	1229
437/2	0.125	73	73	5/8	5/8	3/4	1	1	1/32		1/32	1		-1	77	1230
1749/8	0.125	73	73	21/32	21/32	3/4	1	1	1/32		1/32	1		-1	89	1231
875/4	0.125	73	73	11/16	11/16	3/4	1	1	1/32		1/32	1		2	74	1232
1751/8	0.125	73	73	23/32	23/32	3/4	1	1	1/32		1/32	1		2	86	1233
219	0.25	74	74	0	0	3/4	2	1	1/16		1/16	1		0	36	1253
219	0.25	74	74	0	0	3/4	2	1	1/16		1/16	1		0	48	1253
219	0.125	74	74	0	0	3/4	1	1	1/32		1/32	1		0	72	1240
1753/8	0.125	74	74	1/32	1/32	3/4	1	1	1/32		1/32	1		0	84	1241
877/4	0.25	74	74	1/16	1/16	3/4	2	1	1/16		1/16	1		2	38	1254
877/4	0.25	74	74	1/16	1/16	3/4	2	1	1/16		1/16	1		2	50	1254
877/4	0.125	74	74	1/16	1/16	3/4	1	1	1/32		1/32	1		5	71	1242
1755/8	0.125	74	74	3/32	3/32	3/4	1	1	1/32		1/32	1		5	83	1243
439/2	0.5	74	74	1/8	1/8	3/4	2	1	1/8		1/8	1		4	40	1255
439/2	0.5	74	74	1/8	1/8	3/4	2	1	1/8		1/8	1		4	52	1255
439/2	0.125	74	74	1/8	1/8	3/4	1	1	1/32		1/32	1		-2	70	1244
1757/8	0.125	74	74	5/32	5/32	3/4	1	1	1/32		1/32	1		-2	82	1245
883/4	0.25	74	74	7/16	7/16	3/4	2	1	1/16		1/16	1		4	52	1256
883/4	0.25	74	74	7/16	7/16	3/4	2	1	1/16		1/16	1		-2	58	1256
883/4	0.25	74	74	7/16	7/16	3/4	1	1	1/16		1/16	1		1	79	1246
221	0.5	74	74	1/2	1/2	3/4	2	1	1/8		1/8	1		-1	53	1257
221	0.5	74	74	1/2	1/2	3/4	2	1	1/8		1/8	1		3	57	1257
221	0.167	74	74	1/2	1/2	3/4	1	1	1/24		1/16	2/3		0	84	1247
1327/6	0.167	74	74	13/24	13/24	3/4	1	1	1/24		1/16	2/3		3	81	1248
664/3	0.167	74	74	7/12	7/12	3/4	1	1	1/24		1/16	2/3		-1	77	1249
443/2	0.5	74	74	5/8	5/8	3/4	2	1	1/8		1/8	1		1	55	1258
443/2	0.5	74	74	5/8	5/8	3/4	2	1	1/8		1/8	1		-2	58	1258
443/2	0.167	74	74	5/8	5/8	3/4	1	1	1/24		1/16	2/3		-2	82	1250
665/3	0.167	74	74	2/3	2/3	3/4	1	1	1/24		1/16	2/3		1	79	1251
1331/6	0.167	74	74	17/24	17/24	3/4	1	1	1/24		1/16	2/3		4	76	1252
222	0.5	75	75	0	0	3/4	2	1	1/8		1/8	1		3	57	1271
222	0.5	75	75	0	0	3/4	2	1	1/8		1/8	1		0	60	1271
222	0.167	75	75	0	0	3/4	1	1	1/24		1/16	2/3		-1	77	1259
1333/6	0.167	75	75	1/24	1/24	3/4	1	1	1/24		1/16	2/3		0	72	1260
667/3	0.167	75	75	1/12	1/12	3/4	1	1	1/24		1/16	2/3		3	69	1261
445/2	0.5	75	75	1/8	1/8	3/4	2	1	1/8		1/8	1		-2	46	1272
445/2	0.5	75	75	1/8	1/8	3/4	2	1	1/8		1/8	1		1	55	1272
445/2	0.167	75	75	1/8	1/8	3/4	1	1	1/24		1/16	2/3		2	74	1262
668/3	0.167	75	75	1/6	1/6	3/4	1	1	1/24		1/16	2/3		-2	70	1263
1337/6	0.167	75	75	5/24	5/24	3/4	1	1	1/24		1/16	2/3		1	67	1264
223	0.5	75	75	1/4	1/4	3/4	2	1	1/8		1/8	1		0	48	1273
223	0.5	75	75	1/4	1/4	3/4	2	1	1/8		1/8	1		3	57	1273
223	0.5	75	75	1/4	1/4	3/4	1	1	1/8		1/8	1		-1	65	1265
224	0.0	75	75	1/2	1/2	3/4	1	1	0	grace16	1/16	1		3	69	1266
224	1.0	75	75	1/2	1/2	3/4	2	1	1/4		1/4	1		0	48	1274
224	1.0	75	75	1/2	1/2	3/4	2	1	1/4		1/4	1		-2	58	1274
224	1.0	75	75	1/2	1/2	3/4	1	2	1/4		1/4	1		4	64	1270
224	0.5	75	75	1/2	1/2	3/4	1	1	1/8		1/8	1		1	67	1267
449/2	0.25	75	75	5/8	5/8	3/4	1	1	1/16		1/16	1		-1	65	1268
899/4	0.25	75	75	11/16	11/16	3/4	1	1	1/16		1/16	1		1	67	1269
225	0.5	76	76	0	0	3/4	2	1	1/8		1/8	1		-1	53	1288
225	0.5	76	76	0	0	3/4	2	1	1/8		1/8	1		3	57	1288
225	0.25	76	76	0	0	3/4	1	2	1/16		1/16	1		-1	65	1286
901/4	0.25	76	76	1/16	1/16	3/4	1	1	1/16		1/16	1		0	72	1275
451/2	0.25	76	76	1/8	1/8	3/4	1	1	1/16		1/16	1		5	71	1276
903/4	0.25	76	76	3/16	3/16	3/4	1	1	1/16		1/16	1		-2	70	1277
226	0.25	76	76	1/4	1/4	3/4	1	1	1/16		1/16	1		3	69	1278
905/4	0.25	76	76	5/16	5/16	3/4	1	1	1/16		1/16	1		-4	68	1279
453/2	0.25	76	76	3/8	3/8	3/4	1	1	1/16		1/16	1		1	67	1280
907/4	0.25	76	76	7/16	7/16	3/4	1	1	1/16		1/16	1		-1	65	1281
227	0.0	76	76	1/2	1/2	3/4	1	1	0	grace16	1/16	1		3	69	1282
227	1.0	76	76	1/2	1/2	3/4	2	1	1/4		1/4	1		0	48	1289
227	1.0	76	76	1/2	1/2	3/4	2	1	1/4		1/4	1		-2	58	1289
227	1.0	76	76	1/2	1/2	3/4	1	2	1/4		1/4	1		4	64	1287
227	0.5	76	76	1/2	1/2	3/4	1	1	1/8		1/8	1		1	67	1283
455/2	0.25	76	76	5/8	5/8	3/4	1	1	1/16		1/16	1		-1	65	1284
911/4	0.25	76	76	11/16	11/16	3/4	1	1	1/16		1/16	1		1	67	1285
228	0.5	77	77	0	0	3/4	2	1	1/8		1/8	1		-1	53	1303
228	0.5	77	77	0	0	3/4	2	1	1/8		1/8	1		3	57	1303
228	0.25	77	77	0	0	3/4	1	2	1/16		1/16	1		-1	65	1301
913/4	0.25	77	77	1/16	1/16	3/4	1	1	1/16		1/16	1		0	72	1290
457/2	0.25	77	77	1/8	1/8	3/4	1	1	1/16		1/16	1		5	71	1291
915/4	0.25	77	77	3/16	3/16	3/4	1	1	1/16		1/16	1		-2	70	1292
229	0.25	77	77	1/4	1/4	3/4	1	1	1/16		1/16	1		3	69	1293
917/4	0.25	77	77	5/16	5/16	3/4	1	1	1/16		1/16	1		-4	68	1294
459/2	0.25	77	77	3/8	3/8	3/4	1	1	1/16		1/16	1		1	67	1295
919/4	0.25	77	77	7/16	7/16	3/4	1	1	1/16		1/16	1		-1	65	1296
230	0.0	77	77	1/2	1/2	3/4	1	1	0	grace16	1/16	1		3	69	1297
230	1.0	77	77	1/2	1/2	3/4	2	1	1/4		1/4	1		0	48	1304
230	1.0	77	77	1/2	1/2	3/4	2	1	1/4		1/4	1		-2	58	1304
230	1.0	77	77	1/2	1/2	3/4	1	2	1/4		1/4	1		4	64	1302
230	0.5	77	77	1/2	1/2	3/4	1	1	1/8		1/8	1		1	67	1298
461/2	0.25	77	77	5/8	5/8	3/4	1	1	1/16		1/16	1		-1	65	1299
923/4	0.25	77	77	11/16	11/16	3/4	1	1	1/16		1/16	1		1	67	1300
231	0.5	78	78	0	0	3/4	2	1	1/8		1/8	1		-1	53	1310
231	0.5	78	78	0	0	3/4	2	1	1/8		1/8	1		3	57	1310
231	0.5	78	78	0	0	3/4	1	2	1/8		1/8	1		-1	65	1309
463/2	1.0	78	78	1/8	1/8	3/4	1	1	1/4		1/4	1		3	57	1305
463/2	1.0	78	78	1/8	1/8	3/4	1	1	1/4		1/4	1		0	60	1305
232	0.5	78	78	1/4	1/4	3/4	2	1	1/8		1/8	1		3	33	1311
232	0.5	78	78	1/4	1/4	3/4	2	1	1/8		1/8	1		3	45	1311
465/2	0.5	78	78	3/8	3/8	3/4	1	1	1/8		1/8	1		-1	53	1306
465/2	0.5	78	78	3/8	3/8	3/4	1	1	1/8		1/8	1		3	57	1306
233	0.5	78	78	1/2	1/2	3/4	2	1	1/8		1/8	1		0	36	1312
233	0.5	78	78	1/2	1/2	3/4	2	1	1/8		1/8	1		0	48	1312
233	0.5	78	78	1/2	1/2	3/4	1	1	1/8		1/8	1		4	52	1307
233	0.5	78	78	1/2	1/2	3/4	1	1	1/8		1/8	1		1	55	1307
467/2	0.5	78	78	5/8	5/8	3/4	1	1	1/8		1/8	1		1	55	1308
467/2	0.5	78	78	5/8	5/8	3/4	1	1	1/8		1/8	1		-2	58	1308
234	2.0	79	79	0	0	3/4	2	1	1/2		1/2	1		-1	41	1315
234	2.0	79	79	0	0	3/4	2	1	1/2		1/2	1		0	48	1315
234	2.0	79	79	0	0	3/4	1	1	1/2		1/2	1		4	52	1313
234	2.0	79	79	0	0	3/4	1	1	1/2		1/2	1		1	55	1313
234	2.0	79	79	0	0	3/4	1	1	1/2		1/2	1		-2	58	1313
236	0.5	79	79	1/2	1/2	3/4	2	1	1/8		1/8	1		-1	41	1316
236	0.5	79	79	1/2	1/2	3/4	2	1	1/8		1/8	1		0	48	1316
236	0.5	79	79	1/2	1/2	3/4	1	1	1/8		1/8	1		-1	53	1314
236	0.5	79	79	1/2	1/2	3/4	1	1	1/8		1/8	1		3	57	1314
